Nodo,No. Paquete,Estatus del paquete,Tiempo de entrega,No. SEQ, No. Veces enviado,Tamaño en bytes,Iteración,Semilla,TTS,No. Paquetes a enviar,TA,TB,MTTS 
0,1,1,10.003435,767965516,9,1000,1,1,5000.000116,20,1.000000,9.000000,5000
0,2,1,54.190106,589280931,53,1000,1,1,5000.000116,20,1.000000,9.000000,5000
0,3,1,440.268109,2111328182,440,1000,1,1,5000.000116,20,1.000000,9.000000,5000
0,4,1,3843.266566,1422592245,3843,1000,1,1,5000.000116,20,1.000000,9.000000,5000
0,1,1,10.111448,1710443323,9,1000,2,4,5000.000165,20,1.000000,9.000000,5000
0,2,1,53.760419,406295982,53,1000,2,4,5000.000165,20,1.000000,9.000000,5000
0,3,1,449.529817,1418043853,450,1000,2,4,5000.000165,20,1.000000,9.000000,5000
0,4,1,4023.608895,1267712456,4023,1000,2,4,5000.000165,20,1.000000,9.000000,5000
0,1,1,18.724398,242909448,18,1000,4,13,5000.000161,20,1.000000,9.000000,5000
0,2,1,126.246081,2004824783,126,1000,4,13,5000.000161,20,1.000000,9.000000,5000
0,3,1,1097.621954,1485674514,1098,1000,4,13,5000.000161,20,1.000000,9.000000,5000
0,1,1,2.957214,608699952,2,1000,5,21,41.000091,20,1.000000,9.000000,5000
0,2,1,1.992201,1516864919,2,1000,5,21,41.000091,20,1.000000,9.000000,5000
0,3,1,1.881532,352744186,2,1000,5,21,41.000091,20,1.000000,9.000000,5000
0,4,1,2.346703,1105888201,2,1000,5,21,41.000091,20,1.000000,9.000000,5000
0,5,1,1.920710,806267188,1,1000,5,21,41.000091,20,1.000000,9.000000,5000
0,6,1,1.524559,392648491,1,1000,5,21,41.000091,20,1.000000,9.000000,5000
0,7,1,2.224495,1084770142,2,1000,5,21,41.000091,20,1.000000,9.000000,5000
0,8,1,1.831073,662775869,2,1000,5,21,41.000091,20,1.000000,9.000000,5000
0,9,1,2.421286,990537720,2,1000,5,21,41.000091,20,1.000000,9.000000,5000
0,10,1,1.435011,1651772287,1,1000,5,21,41.000091,20,1.000000,9.000000,5000
0,11,1,2.554239,344342914,2,1000,5,21,41.000091,20,1.000000,9.000000,5000
0,12,1,1.909931,495985009,1,1000,5,21,41.000091,20,1.000000,9.000000,5000
0,13,1,1.822760,1553516156,2,1000,5,21,41.000091,20,1.000000,9.000000,5000
0,14,1,1.970279,2039854739,2,1000,5,21,41.000091,20,1.000000,9.000000,5000
0,15,1,2.047863,743130470,2,1000,5,21,41.000091,20,1.000000,9.000000,5000
0,16,1,2.129355,972841829,2,1000,5,21,41.000091,20,1.000000,9.000000,5000
0,17,1,1.694683,1829439680,2,1000,5,21,41.000091,20,1.000000,9.000000,5000
0,18,1,2.207607,1273834599,2,1000,5,21,41.000091,20,1.000000,9.000000,5000
0,19,1,1.889126,1843394314,2,1000,5,21,41.000091,20,1.000000,9.000000,5000
0,20,1,1.509179,544711193,2,1000,5,21,41.000091,20,1.000000,9.000000,5000
0,1,1,2.470621,32012649,2,1000,6,26,41.000123,20,1.000000,9.000000,5000
0,2,1,2.169677,1211890004,2,1000,6,26,41.000123,20,1.000000,9.000000,5000
0,3,1,2.243902,2060581835,2,1000,6,26,41.000123,20,1.000000,9.000000,5000
0,4,1,1.606340,1563583102,2,1000,6,26,41.000123,20,1.000000,9.000000,5000
0,5,1,2.597669,1498063837,2,1000,6,26,41.000123,20,1.000000,9.000000,5000
0,6,1,1.676140,1837438488,1,1000,6,26,41.000123,20,1.000000,9.000000,5000
0,7,1,1.918051,1482442271,2,1000,6,26,41.000123,20,1.000000,9.000000,5000
0,8,1,1.991426,1495403170,2,1000,6,26,41.000123,20,1.000000,9.000000,5000
0,9,1,2.250092,140428049,2,1000,6,26,41.000123,20,1.000000,9.000000,5000
0,10,1,2.192139,1334112924,2,1000,6,26,41.000123,20,1.000000,9.000000,5000
0,11,1,2.050856,222570291,1,1000,6,26,41.000123,20,1.000000,9.000000,5000
0,12,1,1.379192,1825037446,1,1000,6,26,41.000123,20,1.000000,9.000000,5000
0,13,1,2.222555,1750059781,2,1000,6,26,41.000123,20,1.000000,9.000000,5000
0,14,1,2.304344,1118491360,2,1000,6,26,41.000123,20,1.000000,9.000000,5000
0,15,1,1.737664,671118087,1,1000,6,26,41.000123,20,1.000000,9.000000,5000
0,16,1,2.055762,1350204458,2,1000,6,26,41.000123,20,1.000000,9.000000,5000
0,17,1,2.217220,1572171705,2,1000,6,26,41.000123,20,1.000000,9.000000,5000
0,18,1,2.013789,2088614628,1,1000,6,26,41.000123,20,1.000000,9.000000,5000
0,19,1,2.034551,1599520155,1,1000,6,26,41.000123,20,1.000000,9.000000,5000
0,20,1,1.660997,458378638,1,1000,6,26,41.000123,20,1.000000,9.000000,5000
0,1,1,3.084028,1602808994,2,1000,7,31,43.000154,20,1.000000,9.000000,5000
0,2,1,1.752271,906915089,1,1000,7,31,43.000154,20,1.000000,9.000000,5000
0,3,1,2.291188,1620935836,2,1000,7,31,43.000154,20,1.000000,9.000000,5000
0,4,1,1.831567,2021278003,1,1000,7,31,43.000154,20,1.000000,9.000000,5000
0,5,1,2.129037,42376838,2,1000,7,31,43.000154,20,1.000000,9.000000,5000
0,6,1,1.786230,1134744837,1,1000,7,31,43.000154,20,1.000000,9.000000,5000
0,7,1,2.221486,1880114400,2,1000,7,31,43.000154,20,1.000000,9.000000,5000
0,8,1,1.797922,180546823,1,1000,7,31,43.000154,20,1.000000,9.000000,5000
0,9,1,2.268865,1437802026,3,1000,7,31,43.000154,20,1.000000,9.000000,5000
0,10,1,2.684142,1016453561,2,1000,7,31,43.000154,20,1.000000,9.000000,5000
0,11,1,2.346526,100797668,2,1000,7,31,43.000154,20,1.000000,9.000000,5000
0,12,1,1.938429,1006606235,1,1000,7,31,43.000154,20,1.000000,9.000000,5000
0,13,1,1.843640,1946603406,1,1000,7,31,43.000154,20,1.000000,9.000000,5000
0,14,1,2.221169,197127981,2,1000,7,31,43.000154,20,1.000000,9.000000,5000
0,15,1,1.667144,599105704,1,1000,7,31,43.000154,20,1.000000,9.000000,5000
0,16,1,1.779206,1727567087,2,1000,7,31,43.000154,20,1.000000,9.000000,5000
0,17,1,1.957769,1314903730,2,1000,7,31,43.000154,20,1.000000,9.000000,5000
0,18,1,3.207362,755911009,3,1000,7,31,43.000154,20,1.000000,9.000000,5000
0,19,1,2.356547,1355645996,2,1000,7,31,43.000154,20,1.000000,9.000000,5000
0,20,1,0.988827,372046083,1,1000,7,31,43.000154,20,1.000000,9.000000,5000
0,1,1,27.903609,1916968263,27,1000,8,32,5000.000070,20,1.000000,9.000000,5000
0,2,1,243.192026,845920106,243,1000,8,32,5000.000070,20,1.000000,9.000000,5000
0,3,1,2186.758023,674013177,2186,1000,8,32,5000.000070,20,1.000000,9.000000,5000
0,1,1,3.002830,1654440229,2,1000,9,38,43.000168,20,1.000000,9.000000,5000
0,2,1,2.223983,479950208,1,1000,9,38,43.000168,20,1.000000,9.000000,5000
0,3,1,1.888171,1434928167,1,1000,9,38,43.000168,20,1.000000,9.000000,5000
0,4,1,1.932345,944063946,1,1000,9,38,43.000168,20,1.000000,9.000000,5000
0,5,1,3.544243,581395417,3,1000,9,38,43.000168,20,1.000000,9.000000,5000
0,6,1,2.609785,1868960644,2,1000,9,38,43.000168,20,1.000000,9.000000,5000
0,7,1,1.937158,2007358651,1,1000,9,38,43.000168,20,1.000000,9.000000,5000
0,8,1,1.740898,1775721774,1,1000,9,38,43.000168,20,1.000000,9.000000,5000
0,9,1,2.032081,1965635405,2,1000,9,38,43.000168,20,1.000000,9.000000,5000
0,10,1,2.016668,1430723912,2,1000,9,38,43.000168,20,1.000000,9.000000,5000
0,11,1,2.060802,789309455,2,1000,9,38,43.000168,20,1.000000,9.000000,5000
0,12,1,2.287885,1578789458,2,1000,9,38,43.000168,20,1.000000,9.000000,5000
0,13,1,1.623112,74280833,1,1000,9,38,43.000168,20,1.000000,9.000000,5000
0,14,1,2.058366,1484199628,2,1000,9,38,43.000168,20,1.000000,9.000000,5000
0,15,1,2.117857,1357281827,2,1000,9,38,43.000168,20,1.000000,9.000000,5000
0,16,1,2.043593,1826378038,1,1000,9,38,43.000168,20,1.000000,9.000000,5000
0,17,1,1.942683,954728565,1,1000,9,38,43.000168,20,1.000000,9.000000,5000
0,18,1,1.770987,1467106320,1,1000,9,38,43.000168,20,1.000000,9.000000,5000
0,19,1,2.289840,1443718903,2,1000,9,38,43.000168,20,1.000000,9.000000,5000
0,20,1,1.397572,251180506,1,1000,9,38,43.000168,20,1.000000,9.000000,5000
0,1,1,2.866950,1077752926,2,1000,10,43,41.000199,20,1.000000,9.000000,5000
0,2,1,2.008258,174975293,2,1000,10,43,41.000199,20,1.000000,9.000000,5000
0,3,1,2.211056,995282168,2,1000,10,43,41.000199,20,1.000000,9.000000,5000
0,4,1,1.948322,1401758847,1,1000,10,43,41.000199,20,1.000000,9.000000,5000
0,5,1,1.648562,1273192066,1,1000,10,43,41.000199,20,1.000000,9.000000,5000
0,6,1,2.177190,1166266993,2,1000,10,43,41.000199,20,1.000000,9.000000,5000
0,7,1,2.335752,257547132,2,1000,10,43,41.000199,20,1.000000,9.000000,5000
0,8,1,1.875455,460865427,1,1000,10,43,41.000199,20,1.000000,9.000000,5000
0,9,1,2.165165,1115525734,1,1000,10,43,41.000199,20,1.000000,9.000000,5000
0,10,1,2.000825,1113064549,1,1000,10,43,41.000199,20,1.000000,9.000000,5000
0,11,1,1.853344,667536832,1,1000,10,43,41.000199,20,1.000000,9.000000,5000
0,12,1,1.867007,760358247,1,1000,10,43,41.000199,20,1.000000,9.000000,5000
0,13,1,2.205105,270824458,2,1000,10,43,41.000199,20,1.000000,9.000000,5000
0,14,1,1.776575,562836249,1,1000,10,43,41.000199,20,1.000000,9.000000,5000
0,15,1,2.204443,1285269444,2,1000,10,43,41.000199,20,1.000000,9.000000,5000
0,16,1,1.872983,56257019,1,1000,10,43,41.000199,20,1.000000,9.000000,5000
0,17,1,2.242130,697460590,1,1000,10,43,41.000199,20,1.000000,9.000000,5000
0,18,1,1.909160,134402701,1,1000,10,43,41.000199,20,1.000000,9.000000,5000
0,19,1,1.681178,1199844744,1,1000,10,43,41.000199,20,1.000000,9.000000,5000
0,20,1,2.068755,164847951,2,1000,10,43,41.000199,20,1.000000,9.000000,5000
0,1,1,2.929795,501065623,2,1000,11,48,41.000081,20,1.000000,9.000000,5000
0,2,1,2.100289,2017484026,2,1000,11,48,41.000081,20,1.000000,9.000000,5000
0,3,1,1.798027,555636169,1,1000,11,48,41.000081,20,1.000000,9.000000,5000
0,4,1,2.008931,1859453748,2,1000,11,48,41.000081,20,1.000000,9.000000,5000
0,5,1,1.742935,1964988715,2,1000,11,48,41.000081,20,1.000000,9.000000,5000
0,6,1,2.573840,463573342,2,1000,11,48,41.000081,20,1.000000,9.000000,5000
0,7,1,1.581310,655219261,1,1000,11,48,41.000081,20,1.000000,9.000000,5000
0,8,1,2.091943,1293492728,2,1000,11,48,41.000081,20,1.000000,9.000000,5000
0,9,1,2.140450,265416063,2,1000,11,48,41.000081,20,1.000000,9.000000,5000
0,10,1,1.392129,795405186,2,1000,11,48,41.000081,20,1.000000,9.000000,5000
0,11,1,2.179433,545764209,2,1000,11,48,41.000081,20,1.000000,9.000000,5000
0,12,1,1.787092,2089410684,2,1000,11,48,41.000081,20,1.000000,9.000000,5000
0,13,1,2.625980,467368083,2,1000,11,48,41.000081,20,1.000000,9.000000,5000
0,14,1,1.690040,1788956518,2,1000,11,48,41.000081,20,1.000000,9.000000,5000
0,15,1,2.172170,1213257061,2,1000,11,48,41.000081,20,1.000000,9.000000,5000
0,16,1,1.851675,433619648,2,1000,11,48,41.000081,20,1.000000,9.000000,5000
0,17,1,2.339275,440192615,2,1000,11,48,41.000081,20,1.000000,9.000000,5000
0,18,1,1.760854,949182730,1,1000,11,48,41.000081,20,1.000000,9.000000,5000
0,19,1,2.106106,955970585,2,1000,11,48,41.000081,20,1.000000,9.000000,5000
0,20,1,1.486065,78515396,2,1000,11,48,41.000081,20,1.000000,9.000000,5000
0,1,1,2.848596,552696858,2,1000,12,55,41.000095,20,1.000000,9.000000,5000
0,2,1,1.508929,1590519145,2,1000,12,55,41.000095,20,1.000000,9.000000,5000
0,3,1,2.793484,369628500,2,1000,12,55,41.000095,20,1.000000,9.000000,5000
0,4,1,1.693571,782239691,1,1000,12,55,41.000095,20,1.000000,9.000000,5000
0,5,1,2.075840,356523646,2,1000,12,55,41.000095,20,1.000000,9.000000,5000
0,6,1,1.741834,1197789149,2,1000,12,55,41.000095,20,1.000000,9.000000,5000
0,7,1,2.172199,782463512,2,1000,12,55,41.000095,20,1.000000,9.000000,5000
0,8,1,2.170929,741184031,2,1000,12,55,41.000095,20,1.000000,9.000000,5000
0,9,1,2.043436,793249442,1,1000,12,55,41.000095,20,1.000000,9.000000,5000
0,10,1,1.398179,1209675537,1,1000,12,55,41.000095,20,1.000000,9.000000,5000
0,11,1,2.361241,1234275996,2,1000,12,55,41.000095,20,1.000000,9.000000,5000
0,12,1,2.077751,514110259,2,1000,12,55,41.000095,20,1.000000,9.000000,5000
0,13,1,2.208454,742529158,2,1000,12,55,41.000095,20,1.000000,9.000000,5000
0,14,1,1.900273,928544517,1,1000,12,55,41.000095,20,1.000000,9.000000,5000
0,15,1,2.117943,1971433184,2,1000,12,55,41.000095,20,1.000000,9.000000,5000
0,16,1,1.957838,532430599,1,1000,12,55,41.000095,20,1.000000,9.000000,5000
0,17,1,1.705043,80017450,1,1000,12,55,41.000095,20,1.000000,9.000000,5000
0,18,1,2.143242,1660378041,2,1000,12,55,41.000095,20,1.000000,9.000000,5000
0,19,1,1.872309,1044043492,2,1000,12,55,41.000095,20,1.000000,9.000000,5000
0,20,1,1.833265,2105133467,2,1000,12,55,41.000095,20,1.000000,9.000000,5000
0,1,1,2.362003,2123493203,2,1000,13,60,41.000126,20,1.000000,9.000000,5000
0,2,1,2.406290,1285544230,2,1000,13,60,41.000126,20,1.000000,9.000000,5000
0,3,1,1.986589,2077466149,2,1000,13,60,41.000126,20,1.000000,9.000000,5000
0,4,1,2.094083,1239934592,2,1000,13,60,41.000126,20,1.000000,9.000000,5000
0,5,1,2.145933,1048320295,2,1000,13,60,41.000126,20,1.000000,9.000000,5000
0,6,1,1.891095,495095498,2,1000,13,60,41.000126,20,1.000000,9.000000,5000
0,7,1,2.006039,1180135641,2,1000,13,60,41.000126,20,1.000000,9.000000,5000
0,8,1,1.959314,1573811332,2,1000,13,60,41.000126,20,1.000000,9.000000,5000
0,9,1,2.192720,2090623419,2,1000,13,60,41.000126,20,1.000000,9.000000,5000
0,10,1,2.115091,892016174,1,1000,13,60,41.000126,20,1.000000,9.000000,5000
0,11,1,1.765161,1112503373,1,1000,13,60,41.000126,20,1.000000,9.000000,5000
0,12,1,1.951200,1843162696,2,1000,13,60,41.000126,20,1.000000,9.000000,5000
0,13,1,1.999342,939072783,2,1000,13,60,41.000126,20,1.000000,9.000000,5000
0,14,1,2.101088,7181138,2,1000,13,60,41.000126,20,1.000000,9.000000,5000
0,15,1,1.822896,1899420801,2,1000,13,60,41.000126,20,1.000000,9.000000,5000
0,16,1,2.168864,909793228,2,1000,13,60,41.000126,20,1.000000,9.000000,5000
0,17,1,1.314593,1970233123,2,1000,13,60,41.000126,20,1.000000,9.000000,5000
0,18,1,2.756972,327674422,2,1000,13,60,41.000126,20,1.000000,9.000000,5000
0,19,1,1.618193,800169333,1,1000,13,60,41.000126,20,1.000000,9.000000,5000
0,20,1,2.311946,2018800912,2,1000,13,60,41.000126,20,1.000000,9.000000,5000
0,1,1,28.272792,1232646631,27,1000,14,64,5000.000091,20,1.000000,9.000000,5000
0,2,1,260.717661,1041564298,260,1000,14,64,5000.000091,20,1.000000,9.000000,5000
0,3,1,2150.926093,437259161,2151,1000,14,64,5000.000091,20,1.000000,9.000000,5000
0,1,1,2.975412,1546805900,2,1000,15,65,41.000158,20,1.000000,9.000000,5000
0,2,1,2.183954,980569315,2,1000,15,65,41.000158,20,1.000000,9.000000,5000
0,3,1,1.926926,1637820150,1,1000,15,65,41.000158,20,1.000000,9.000000,5000
0,4,1,2.083094,1697629493,1,1000,15,65,41.000158,20,1.000000,9.000000,5000
0,5,1,2.040351,1740116944,1,1000,15,65,41.000158,20,1.000000,9.000000,5000
0,6,1,1.839874,1939885495,1,1000,15,65,41.000158,20,1.000000,9.000000,5000
0,7,1,1.872594,1577807770,1,1000,15,65,41.000158,20,1.000000,9.000000,5000
0,8,1,2.351601,258954985,2,1000,15,65,41.000158,20,1.000000,9.000000,5000
0,9,1,1.815192,1240513748,1,1000,15,65,41.000158,20,1.000000,9.000000,5000
0,10,1,2.127152,574356811,1,1000,15,65,41.000158,20,1.000000,9.000000,5000
0,11,1,1.938503,990730750,1,1000,15,65,41.000158,20,1.000000,9.000000,5000
0,12,1,1.565851,1024731485,1,1000,15,65,41.000158,20,1.000000,9.000000,5000
0,13,1,2.336686,1135616408,2,1000,15,65,41.000158,20,1.000000,9.000000,5000
0,14,1,1.918339,1233301407,1,1000,15,65,41.000158,20,1.000000,9.000000,5000
0,15,1,2.154697,1827408418,2,1000,15,65,41.000158,20,1.000000,9.000000,5000
0,16,1,1.826135,1287155857,1,1000,15,65,41.000158,20,1.000000,9.000000,5000
0,17,1,2.010900,1712965148,2,1000,15,65,41.000158,20,1.000000,9.000000,5000
0,18,1,2.161573,1142454451,2,1000,15,65,41.000158,20,1.000000,9.000000,5000
0,19,1,1.802490,556295174,1,1000,15,65,41.000158,20,1.000000,9.000000,5000
0,20,1,1.972319,1932468357,2,1000,15,65,41.000158,20,1.000000,9.000000,5000
0,1,1,2.894213,1598437135,2,1000,16,72,41.000172,20,1.000000,9.000000,5000
0,2,1,2.038272,553604434,2,1000,16,72,41.000172,20,1.000000,9.000000,5000
0,3,1,2.053181,1451812481,2,1000,16,72,41.000172,20,1.000000,9.000000,5000
0,4,1,2.092901,620415436,2,1000,16,72,41.000172,20,1.000000,9.000000,5000
0,5,1,1.395124,131651875,1,1000,16,72,41.000172,20,1.000000,9.000000,5000
0,6,1,1.945788,526617654,2,1000,16,72,41.000172,20,1.000000,9.000000,5000
0,7,1,2.338120,1705052021,2,1000,16,72,41.000172,20,1.000000,9.000000,5000
0,8,1,2.323825,1854129936,2,1000,16,72,41.000172,20,1.000000,9.000000,5000
0,9,1,2.158700,1768347127,1,1000,16,72,41.000172,20,1.000000,9.000000,5000
0,10,1,1.549458,988627162,1,1000,16,72,41.000172,20,1.000000,9.000000,5000
0,11,1,1.799410,1679242537,2,1000,16,72,41.000172,20,1.000000,9.000000,5000
0,12,1,1.761440,1596914708,2,1000,16,72,41.000172,20,1.000000,9.000000,5000
0,13,1,2.694031,1410777483,2,1000,16,72,41.000172,20,1.000000,9.000000,5000
0,14,1,2.186484,372889406,1,1000,16,72,41.000172,20,1.000000,9.000000,5000
0,15,1,1.781858,438100893,1,1000,16,72,41.000172,20,1.000000,9.000000,5000
0,16,1,2.208253,1385966808,1,1000,16,72,41.000172,20,1.000000,9.000000,5000
0,17,1,1.777517,1352789983,1,1000,16,72,41.000172,20,1.000000,9.000000,5000
0,18,1,1.708364,1853649762,2,1000,16,72,41.000172,20,1.000000,9.000000,5000
0,19,1,2.166660,644368081,2,1000,16,72,41.000172,20,1.000000,9.000000,5000
0,20,1,1.949509,1811602780,2,1000,16,72,41.000172,20,1.000000,9.000000,5000
0,1,1,18.833857,1912596404,18,1000,17,73,5000.000088,20,1.000000,9.000000,5000
0,2,1,152.721376,492609451,153,1000,17,73,5000.000088,20,1.000000,9.000000,5000
0,3,1,1359.288538,504889822,1359,1000,17,73,5000.000088,20,1.000000,9.000000,5000
0,1,1,2.744944,1021749832,2,1000,18,77,41.000053,20,1.000000,9.000000,5000
0,2,1,2.200748,248629519,2,1000,18,77,41.000053,20,1.000000,9.000000,5000
0,3,1,1.585306,1012166482,2,1000,18,77,41.000053,20,1.000000,9.000000,5000
0,4,1,2.584895,1078110337,2,1000,18,77,41.000053,20,1.000000,9.000000,5000
0,5,1,2.042595,823448524,1,1000,18,77,41.000053,20,1.000000,9.000000,5000
0,6,1,1.714148,1971407651,1,1000,18,77,41.000053,20,1.000000,9.000000,5000
0,7,1,2.108332,2102724150,2,1000,18,77,41.000053,20,1.000000,9.000000,5000
0,8,1,1.971312,539273589,2,1000,18,77,41.000053,20,1.000000,9.000000,5000
0,9,1,1.878052,918237456,2,1000,18,77,41.000053,20,1.000000,9.000000,5000
0,10,1,2.350305,670967799,2,1000,18,77,41.000053,20,1.000000,9.000000,5000
0,11,1,1.543624,1557469914,1,1000,18,77,41.000053,20,1.000000,9.000000,5000
0,12,1,2.164920,778483497,2,1000,18,77,41.000053,20,1.000000,9.000000,5000
0,13,1,2.023569,1607321108,2,1000,18,77,41.000053,20,1.000000,9.000000,5000
0,14,1,2.199436,1599009675,2,1000,18,77,41.000053,20,1.000000,9.000000,5000
0,15,1,1.765122,366088510,1,1000,18,77,41.000053,20,1.000000,9.000000,5000
0,16,1,2.140969,1763329437,2,1000,18,77,41.000053,20,1.000000,9.000000,5000
0,17,1,1.457543,1095522008,1,1000,18,77,41.000053,20,1.000000,9.000000,5000
0,18,1,2.534298,520946143,2,1000,18,77,41.000053,20,1.000000,9.000000,5000
0,19,1,1.910011,400493922,1,1000,18,77,41.000053,20,1.000000,9.000000,5000
0,20,1,1.353549,1725270225,2,1000,18,77,41.000053,20,1.000000,9.000000,5000
0,1,1,2.821178,445062529,2,1000,19,82,41.000084,20,1.000000,9.000000,5000
0,2,1,1.849812,2091138252,2,1000,19,82,41.000084,20,1.000000,9.000000,5000
0,3,1,1.951472,572520483,2,1000,19,82,41.000084,20,1.000000,9.000000,5000
0,4,1,2.416520,1535805238,2,1000,19,82,41.000084,20,1.000000,9.000000,5000
0,5,1,1.631650,1515245173,1,1000,19,82,41.000084,20,1.000000,9.000000,5000
0,6,1,2.074914,1268714000,2,1000,19,82,41.000084,20,1.000000,9.000000,5000
0,7,1,2.177734,352912631,2,1000,19,82,41.000084,20,1.000000,9.000000,5000
0,8,1,1.597409,1371900890,2,1000,19,82,41.000084,20,1.000000,9.000000,5000
0,9,1,2.489934,68127785,2,1000,19,82,41.000084,20,1.000000,9.000000,5000
0,10,1,1.949050,353308436,1,1000,19,82,41.000084,20,1.000000,9.000000,5000
0,11,1,1.610699,1435697291,2,1000,19,82,41.000084,20,1.000000,9.000000,5000
0,12,1,2.488378,2107535934,2,1000,19,82,41.000084,20,1.000000,9.000000,5000
0,13,1,2.034819,1803864733,1,1000,19,82,41.000084,20,1.000000,9.000000,5000
0,14,1,1.412210,677646296,1,1000,19,82,41.000084,20,1.000000,9.000000,5000
0,15,1,2.409860,294076127,2,1000,19,82,41.000084,20,1.000000,9.000000,5000
0,16,1,1.996612,2140692066,2,1000,19,82,41.000084,20,1.000000,9.000000,5000
0,17,1,1.817098,838254033,2,1000,19,82,41.000084,20,1.000000,9.000000,5000
0,18,1,1.655177,1335726172,2,1000,19,82,41.000084,20,1.000000,9.000000,5000
0,19,1,2.591799,156619763,2,1000,19,82,41.000084,20,1.000000,9.000000,5000
0,20,1,1.272774,1638937670,2,1000,19,82,41.000084,20,1.000000,9.000000,5000
0,1,1,9.896103,496693764,9,1000,20,89,5000.000098,20,1.000000,9.000000,5000
0,2,1,53.863204,1664173371,54,1000,20,89,5000.000098,20,1.000000,9.000000,5000
0,3,1,459.288395,386512814,459,1000,20,89,5000.000098,20,1.000000,9.000000,5000
0,4,1,4103.691234,458591181,4103,1000,20,89,5000.000098,20,1.000000,9.000000,5000
0,1,1,9.983626,810853033,9,1000,21,90,5000.000165,20,1.000000,9.000000,5000
0,2,1,44.668407,1603178388,45,1000,21,90,5000.000165,20,1.000000,9.000000,5000
0,3,1,333.203602,1587073803,333,1000,21,90,5000.000165,20,1.000000,9.000000,5000
0,4,1,2637.171302,1838620350,2637,1000,21,90,5000.000165,20,1.000000,9.000000,5000
0,1,1,9.372101,2067490109,9,1000,22,94,5000.000130,20,1.000000,9.000000,5000
0,2,1,81.851140,1359198456,81,1000,22,94,5000.000130,20,1.000000,9.000000,5000
0,3,1,701.701542,2094350463,701,1000,22,94,5000.000130,20,1.000000,9.000000,5000
0,1,1,27.735416,651587469,27,1000,23,110,541.000140,20,1.000000,9.000000,5000
0,2,1,26.978826,383278728,27,1000,23,110,541.000140,20,1.000000,9.000000,5000
0,3,1,27.486962,1975973455,27,1000,23,110,541.000140,20,1.000000,9.000000,5000
0,4,1,26.587147,1521916306,26,1000,23,110,541.000140,20,1.000000,9.000000,5000
0,5,1,27.051675,1523835841,27,1000,23,110,541.000140,20,1.000000,9.000000,5000
0,6,1,27.383674,2058093580,27,1000,23,110,541.000140,20,1.000000,9.000000,5000
0,7,1,26.344397,861889635,26,1000,23,110,541.000140,20,1.000000,9.000000,5000
0,8,1,27.441859,1310149750,27,1000,23,110,541.000140,20,1.000000,9.000000,5000
0,9,1,27.086872,31977653,26,1000,23,110,541.000140,20,1.000000,9.000000,5000
0,10,1,26.896358,2010389840,26,1000,23,110,541.000140,20,1.000000,9.000000,5000
0,11,1,26.933670,2042260791,27,1000,23,110,541.000140,20,1.000000,9.000000,5000
0,12,1,27.357469,101301530,27,1000,23,110,541.000140,20,1.000000,9.000000,5000
0,13,1,26.835628,757025385,26,1000,23,110,541.000140,20,1.000000,9.000000,5000
0,14,1,26.768664,1530965588,26,1000,23,110,541.000140,20,1.000000,9.000000,5000
0,15,1,27.235891,1179296971,27,1000,23,110,541.000140,20,1.000000,9.000000,5000
0,16,1,26.915670,388452222,26,1000,23,110,541.000140,20,1.000000,9.000000,5000
0,17,1,26.739347,1545037021,26,1000,23,110,541.000140,20,1.000000,9.000000,5000
0,18,1,27.410748,2033023768,27,1000,23,110,541.000140,20,1.000000,9.000000,5000
0,19,1,26.391093,508911391,26,1000,23,110,541.000140,20,1.000000,9.000000,5000
0,20,1,27.086554,1155475362,27,1000,23,110,541.000140,20,1.000000,9.000000,5000
0,1,1,2.901772,1279906007,2,1000,24,112,41.000123,20,1.000000,9.000000,5000
0,2,1,2.291742,261288762,2,1000,24,112,41.000123,20,1.000000,9.000000,5000
0,3,1,1.942260,82128137,1,1000,24,112,41.000123,20,1.000000,9.000000,5000
0,4,1,1.941666,2134490996,1,1000,24,112,41.000123,20,1.000000,9.000000,5000
0,5,1,1.892412,1371057771,1,1000,24,112,41.000123,20,1.000000,9.000000,5000
0,6,1,2.043376,1347519390,2,1000,24,112,41.000123,20,1.000000,9.000000,5000
0,7,1,2.077928,591461757,1,1000,24,112,41.000123,20,1.000000,9.000000,5000
0,8,1,1.657396,2072697400,1,1000,24,112,41.000123,20,1.000000,9.000000,5000
0,9,1,1.913531,1409920703,2,1000,24,112,41.000123,20,1.000000,9.000000,5000
0,10,1,2.327718,594835906,2,1000,24,112,41.000123,20,1.000000,9.000000,5000
0,11,1,1.964325,705061553,2,1000,24,112,41.000123,20,1.000000,9.000000,5000
0,12,1,1.702645,1491915964,2,1000,24,112,41.000123,20,1.000000,9.000000,5000
0,13,1,2.289001,835642835,2,1000,24,112,41.000123,20,1.000000,9.000000,5000
0,14,1,2.035368,1591916966,2,1000,24,112,41.000123,20,1.000000,9.000000,5000
0,15,1,1.716224,2009485477,2,1000,24,112,41.000123,20,1.000000,9.000000,5000
0,16,1,1.963122,109900544,2,1000,24,112,41.000123,20,1.000000,9.000000,5000
0,17,1,2.292516,1442129831,2,1000,24,112,41.000123,20,1.000000,9.000000,5000
0,18,1,1.879679,1929439050,2,1000,24,112,41.000123,20,1.000000,9.000000,5000
0,19,1,1.687295,840858457,2,1000,24,112,41.000123,20,1.000000,9.000000,5000
0,20,1,2.382299,1120942340,2,1000,24,112,41.000123,20,1.000000,9.000000,5000
0,1,1,2.914007,703218704,2,1000,25,117,41.000154,20,1.000000,9.000000,5000
0,2,1,1.812285,2103797495,2,1000,25,117,41.000154,20,1.000000,9.000000,5000
0,3,1,2.078527,1789965786,2,1000,25,117,41.000154,20,1.000000,9.000000,5000
0,4,1,2.339512,444702249,2,1000,25,117,41.000154,20,1.000000,9.000000,5000
0,5,1,1.536909,2062854420,1,1000,25,117,41.000154,20,1.000000,9.000000,5000
0,6,1,2.567490,644825739,2,1000,25,117,41.000154,20,1.000000,9.000000,5000
0,7,1,1.704441,989133886,1,1000,25,117,41.000154,20,1.000000,9.000000,5000
0,8,1,1.537027,757841053,2,1000,25,117,41.000154,20,1.000000,9.000000,5000
0,9,1,2.429440,559811032,2,1000,25,117,41.000154,20,1.000000,9.000000,5000
0,10,1,2.228863,277176543,2,1000,25,117,41.000154,20,1.000000,9.000000,5000
0,11,1,1.289311,583288930,1,1000,25,117,41.000154,20,1.000000,9.000000,5000
0,12,1,2.418532,673484753,2,1000,25,117,41.000154,20,1.000000,9.000000,5000
0,13,1,2.206029,1032186460,2,1000,25,117,41.000154,20,1.000000,9.000000,5000
0,14,1,1.941816,670553587,1,1000,25,117,41.000154,20,1.000000,9.000000,5000
0,15,1,2.292120,1937473094,1,1000,25,117,41.000154,20,1.000000,9.000000,5000
0,16,1,1.344575,487263173,1,1000,25,117,41.000154,20,1.000000,9.000000,5000
0,17,1,2.376325,1184861856,2,1000,25,117,41.000154,20,1.000000,9.000000,5000
0,18,1,2.088361,596735431,1,1000,25,117,41.000154,20,1.000000,9.000000,5000
0,19,1,1.994399,596984298,1,1000,25,117,41.000154,20,1.000000,9.000000,5000
0,20,1,1.683306,1034609785,1,1000,25,117,41.000154,20,1.000000,9.000000,5000
0,1,1,18.921334,1959855780,18,1000,26,121,5000.000119,20,1.000000,9.000000,5000
0,2,1,134.521732,1859817563,135,1000,26,121,5000.000119,20,1.000000,9.000000,5000
0,3,1,1179.326874,149758798,1179,1000,26,121,5000.000119,20,1.000000,9.000000,5000
0,1,1,10.028592,126531401,9,1000,27,122,5000.000186,20,1.000000,9.000000,5000
0,2,1,72.192787,1798822580,71,1000,27,122,5000.000186,20,1.000000,9.000000,5000
0,3,1,611.809396,1350319787,611,1000,27,122,5000.000186,20,1.000000,9.000000,5000
0,1,1,2.961619,754849939,2,1000,28,124,42.000168,20,1.000000,9.000000,5000
0,2,1,2.045360,1676832614,2,1000,28,124,42.000168,20,1.000000,9.000000,5000
0,3,1,1.545619,1603958117,1,1000,28,124,42.000168,20,1.000000,9.000000,5000
0,4,1,2.355219,1514971840,2,1000,28,124,42.000168,20,1.000000,9.000000,5000
0,5,1,2.026259,454389351,2,1000,28,124,42.000168,20,1.000000,9.000000,5000
0,6,1,1.752655,1379041546,2,1000,28,124,42.000168,20,1.000000,9.000000,5000
0,7,1,2.242641,1116378137,2,1000,28,124,42.000168,20,1.000000,9.000000,5000
0,8,1,2.151711,205532356,2,1000,28,124,42.000168,20,1.000000,9.000000,5000
0,9,1,1.802494,1087644411,1,1000,28,124,42.000168,20,1.000000,9.000000,5000
0,10,1,2.397864,691446894,3,1000,28,124,42.000168,20,1.000000,9.000000,5000
0,11,1,2.803363,1271800717,2,1000,28,124,42.000168,20,1.000000,9.000000,5000
0,12,1,2.086106,1245667976,1,1000,28,124,42.000168,20,1.000000,9.000000,5000
0,13,1,1.453711,1307347535,1,1000,28,124,42.000168,20,1.000000,9.000000,5000
0,14,1,2.611517,1957625234,2,1000,28,124,42.000168,20,1.000000,9.000000,5000
0,15,1,1.647731,548165569,1,1000,28,124,42.000168,20,1.000000,9.000000,5000
0,16,1,2.197259,586074124,2,1000,28,124,42.000168,20,1.000000,9.000000,5000
0,17,1,1.730383,824686691,1,1000,28,124,42.000168,20,1.000000,9.000000,5000
0,18,1,2.286164,1307930742,2,1000,28,124,42.000168,20,1.000000,9.000000,5000
0,19,1,1.532111,685057205,1,1000,28,124,42.000168,20,1.000000,9.000000,5000
0,20,1,2.333931,913744208,2,1000,28,124,42.000168,20,1.000000,9.000000,5000
0,1,1,27.839375,1383168477,27,1000,29,126,5000.000151,20,1.000000,9.000000,5000
0,2,1,224.953206,1554842648,225,1000,29,126,5000.000151,20,1.000000,9.000000,5000
0,3,1,2007.289190,1857596447,2007,1000,29,126,5000.000151,20,1.000000,9.000000,5000
0,1,1,28.244769,2011487015,27,1000,30,128,5000.000133,20,1.000000,9.000000,5000
0,2,1,206.556928,1432852682,206,1000,30,128,5000.000133,20,1.000000,9.000000,5000
0,3,1,1817.930585,2111234777,1818,1000,30,128,5000.000133,20,1.000000,9.000000,5000
0,1,1,2.947389,178162636,2,1000,31,129,41.000199,20,1.000000,9.000000,5000
0,2,1,1.891857,1371857699,2,1000,31,129,41.000199,20,1.000000,9.000000,5000
0,3,1,2.218218,1164312118,2,1000,31,129,41.000199,20,1.000000,9.000000,5000
0,4,1,1.644965,1972666741,1,1000,31,129,41.000199,20,1.000000,9.000000,5000
0,5,1,2.145686,1146186000,2,1000,31,129,41.000199,20,1.000000,9.000000,5000
0,6,1,1.825859,676347895,2,1000,31,129,41.000199,20,1.000000,9.000000,5000
0,7,1,2.312974,1514050266,2,1000,31,129,41.000199,20,1.000000,9.000000,5000
0,8,1,1.962531,1038159657,2,1000,31,129,41.000199,20,1.000000,9.000000,5000
0,9,1,2.159334,237534740,2,1000,31,129,41.000199,20,1.000000,9.000000,5000
0,10,1,2.002466,373787531,1,1000,31,129,41.000199,20,1.000000,9.000000,5000
0,11,1,1.560031,1150028094,1,1000,31,129,41.000199,20,1.000000,9.000000,5000
0,12,1,2.601033,427236765,2,1000,31,129,41.000199,20,1.000000,9.000000,5000
0,13,1,1.810909,1503891160,1,1000,31,129,41.000199,20,1.000000,9.000000,5000
0,14,1,2.134120,1036261855,1,1000,31,129,41.000199,20,1.000000,9.000000,5000
0,15,1,1.813328,476153186,1,1000,31,129,41.000199,20,1.000000,9.000000,5000
0,16,1,1.814701,963436753,1,1000,31,129,41.000199,20,1.000000,9.000000,5000
0,17,1,2.330637,567418716,2,1000,31,129,41.000199,20,1.000000,9.000000,5000
0,18,1,1.727486,2122710771,1,1000,31,129,41.000199,20,1.000000,9.000000,5000
0,19,1,2.243533,441183046,2,1000,31,129,41.000199,20,1.000000,9.000000,5000
0,20,1,1.670743,827411653,1,1000,31,129,41.000199,20,1.000000,9.000000,5000
0,1,1,2.837434,1748958981,2,1000,32,134,41.000081,20,1.000000,9.000000,5000
0,2,1,2.324124,1066882784,2,1000,32,134,41.000081,20,1.000000,9.000000,5000
0,3,1,1.540362,724666119,1,1000,32,134,41.000081,20,1.000000,9.000000,5000
0,4,1,1.992853,282877994,2,1000,32,134,41.000081,20,1.000000,9.000000,5000
0,5,1,2.377869,1837982649,2,1000,32,134,41.000081,20,1.000000,9.000000,5000
0,6,1,1.971883,2121137892,1,1000,32,134,41.000081,20,1.000000,9.000000,5000
0,7,1,2.032807,1911722395,1,1000,32,134,41.000081,20,1.000000,9.000000,5000
0,8,1,1.935075,1870786958,1,1000,32,134,41.000081,20,1.000000,9.000000,5000
0,9,1,1.928706,1534908717,1,1000,32,134,41.000081,20,1.000000,9.000000,5000
0,10,1,2.031356,56128168,2,1000,32,134,41.000081,20,1.000000,9.000000,5000
0,11,1,1.980917,1028255471,2,1000,32,134,41.000081,20,1.000000,9.000000,5000
0,12,1,2.197291,1756289202,2,1000,32,134,41.000081,20,1.000000,9.000000,5000
0,13,1,2.047935,1700434785,1,1000,32,134,41.000081,20,1.000000,9.000000,5000
0,14,1,1.941902,114898476,1,1000,32,134,41.000081,20,1.000000,9.000000,5000
0,15,1,1.874459,404140803,1,1000,32,134,41.000081,20,1.000000,9.000000,5000
0,16,1,2.003473,1340799382,1,1000,32,134,41.000081,20,1.000000,9.000000,5000
0,17,1,1.624001,310150741,1,1000,32,134,41.000081,20,1.000000,9.000000,5000
0,18,1,2.611553,790007152,2,1000,32,134,41.000081,20,1.000000,9.000000,5000
0,19,1,1.529550,197308887,1,1000,32,134,41.000081,20,1.000000,9.000000,5000
0,20,1,1.996262,741079098,2,1000,32,134,41.000081,20,1.000000,9.000000,5000
0,1,1,2.874358,1172271678,2,1000,33,139,41.000112,20,1.000000,9.000000,5000
0,2,1,1.727908,761907869,2,1000,33,139,41.000112,20,1.000000,9.000000,5000
0,3,1,2.016889,285020120,2,1000,33,139,41.000112,20,1.000000,9.000000,5000
0,4,1,1.953078,740572895,2,1000,33,139,41.000112,20,1.000000,9.000000,5000
0,5,1,2.449367,382295650,2,1000,33,139,41.000112,20,1.000000,9.000000,5000
0,6,1,1.980649,1418444241,1,1000,33,139,41.000112,20,1.000000,9.000000,5000
0,7,1,1.789087,161910876,1,1000,33,139,41.000112,20,1.000000,9.000000,5000
0,8,1,1.991029,555930611,2,1000,33,139,41.000112,20,1.000000,9.000000,5000
0,9,1,1.888734,684799046,2,1000,33,139,41.000112,20,1.000000,9.000000,5000
0,10,1,2.502672,1885952453,2,1000,33,139,41.000112,20,1.000000,9.000000,5000
0,11,1,1.538748,906482848,1,1000,33,139,41.000112,20,1.000000,9.000000,5000
0,12,1,2.207455,937857991,2,1000,33,139,41.000112,20,1.000000,9.000000,5000
0,13,1,2.160020,1896978410,2,1000,33,139,41.000112,20,1.000000,9.000000,5000
0,14,1,1.588990,1341018745,1,1000,33,139,41.000112,20,1.000000,9.000000,5000
0,15,1,2.475256,332128420,2,1000,33,139,41.000112,20,1.000000,9.000000,5000
0,16,1,1.945474,1718162011,1,1000,33,139,41.000112,20,1.000000,9.000000,5000
0,17,1,1.794747,52882766,1,1000,33,139,41.000112,20,1.000000,9.000000,5000
0,18,1,2.197282,1604787181,2,1000,33,139,41.000112,20,1.000000,9.000000,5000
0,19,1,1.766445,2100918376,1,1000,33,139,41.000112,20,1.000000,9.000000,5000
0,20,1,2.066041,654746543,2,1000,33,139,41.000112,20,1.000000,9.000000,5000
0,1,1,9.957671,1800590216,9,1000,34,141,5000.000095,20,1.000000,9.000000,5000
0,2,1,81.226707,639917903,81,1000,34,141,5000.000095,20,1.000000,9.000000,5000
0,3,1,719.803487,538658450,719,1000,34,141,5000.000095,20,1.000000,9.000000,5000
0,1,1,9.713404,595584375,9,1000,35,144,5000.000144,20,1.000000,9.000000,5000
0,2,1,54.149450,456932954,54,1000,35,144,5000.000144,20,1.000000,9.000000,5000
0,3,1,441.073360,1992857769,441,1000,35,144,5000.000144,20,1.000000,9.000000,5000
0,4,1,3627.150195,1198267796,3627,1000,35,144,5000.000144,20,1.000000,9.000000,5000
0,1,1,2.793155,1223902913,2,1000,36,146,41.000126,20,1.000000,9.000000,5000
0,2,1,2.116502,334942988,2,1000,36,146,41.000126,20,1.000000,9.000000,5000
0,3,1,1.813536,99012451,2,1000,36,146,41.000126,20,1.000000,9.000000,5000
0,4,1,1.888240,1810842486,2,1000,36,146,41.000126,20,1.000000,9.000000,5000
0,5,1,2.496353,921314229,2,1000,36,146,41.000126,20,1.000000,9.000000,5000
0,6,1,2.027087,5176400,1,1000,36,146,41.000126,20,1.000000,9.000000,5000
0,7,1,1.548014,289155127,1,1000,36,146,41.000126,20,1.000000,9.000000,5000
0,8,1,2.328286,3621914,2,1000,36,146,41.000126,20,1.000000,9.000000,5000
0,9,1,1.788959,1212632425,1,1000,36,146,41.000126,20,1.000000,9.000000,5000
0,10,1,2.232771,152739156,2,1000,36,146,41.000126,20,1.000000,9.000000,5000
0,11,1,1.938555,1594994635,1,1000,36,146,41.000126,20,1.000000,9.000000,5000
0,12,1,1.924592,1510041214,2,1000,36,146,41.000126,20,1.000000,9.000000,5000
0,13,1,2.186083,24655837,2,1000,36,146,41.000126,20,1.000000,9.000000,5000
0,14,1,1.895693,480606744,1,1000,36,146,41.000126,20,1.000000,9.000000,5000
0,15,1,1.731644,1090304543,2,1000,36,146,41.000126,20,1.000000,9.000000,5000
0,16,1,1.690906,1816972962,2,1000,36,146,41.000126,20,1.000000,9.000000,5000
0,17,1,2.798843,1840191249,2,1000,36,146,41.000126,20,1.000000,9.000000,5000
0,18,1,1.765703,168498844,1,1000,36,146,41.000126,20,1.000000,9.000000,5000
0,19,1,2.080532,41507635,2,1000,36,146,41.000126,20,1.000000,9.000000,5000
0,20,1,1.711744,533880966,1,1000,36,146,41.000126,20,1.000000,9.000000,5000
0,1,1,2.975989,647215610,2,1000,37,151,41.000158,20,1.000000,9.000000,5000
0,2,1,1.933557,29968073,2,1000,37,151,41.000158,20,1.000000,9.000000,5000
0,3,1,2.289350,1806850100,2,1000,37,151,41.000158,20,1.000000,9.000000,5000
0,4,1,1.889239,121053739,1,1000,37,151,41.000158,20,1.000000,9.000000,5000
0,5,1,1.540727,1613110878,1,1000,37,151,41.000158,20,1.000000,9.000000,5000
0,6,1,2.369117,1449966397,2,1000,37,151,41.000158,20,1.000000,9.000000,5000
0,7,1,2.023433,686827256,2,1000,37,151,41.000158,20,1.000000,9.000000,5000
0,8,1,2.124494,836249215,1,1000,37,151,41.000158,20,1.000000,9.000000,5000
0,9,1,1.998170,362522754,1,1000,37,151,41.000158,20,1.000000,9.000000,5000
0,10,1,1.652502,1982563441,1,1000,37,151,41.000158,20,1.000000,9.000000,5000
0,11,1,2.189001,1473222012,2,1000,37,151,41.000158,20,1.000000,9.000000,5000
0,12,1,2.113340,691610003,2,1000,37,151,41.000158,20,1.000000,9.000000,5000
0,13,1,1.786307,221199462,1,1000,37,151,41.000158,20,1.000000,9.000000,5000
0,14,1,2.391765,1706727013,2,1000,37,151,41.000158,20,1.000000,9.000000,5000
0,15,1,1.525693,1018292160,1,1000,37,151,41.000158,20,1.000000,9.000000,5000
0,16,1,2.003303,46851943,2,1000,37,151,41.000158,20,1.000000,9.000000,5000
0,17,1,2.471708,1582923274,2,1000,37,151,41.000158,20,1.000000,9.000000,5000
0,18,1,1.239115,983278873,1,1000,37,151,41.000158,20,1.000000,9.000000,5000
0,19,1,2.185071,1945117124,2,1000,37,151,41.000158,20,1.000000,9.000000,5000
0,20,1,2.105628,447548411,2,1000,37,151,41.000158,20,1.000000,9.000000,5000
0,1,1,9.919970,70528307,9,1000,38,156,5000.000189,20,1.000000,9.000000,5000
0,2,1,62.656350,1872476806,63,1000,38,156,5000.000189,20,1.000000,9.000000,5000
0,3,1,549.419581,1367204101,549,1000,38,156,5000.000189,20,1.000000,9.000000,5000
0,1,1,2.897821,122159542,2,1000,39,163,41.000053,20,1.000000,9.000000,5000
0,2,1,1.854692,1445511925,2,1000,39,163,41.000053,20,1.000000,9.000000,5000
0,3,1,2.264313,1181196432,2,1000,39,163,41.000053,20,1.000000,9.000000,5000
0,4,1,1.989168,1649018231,1,1000,39,163,41.000053,20,1.000000,9.000000,5000
0,5,1,1.667806,696442458,1,1000,39,163,41.000053,20,1.000000,9.000000,5000
0,6,1,2.021817,1481488553,2,1000,39,163,41.000053,20,1.000000,9.000000,5000
0,7,1,1.914682,1211743636,2,1000,39,163,41.000053,20,1.000000,9.000000,5000
0,8,1,2.441190,1116567819,2,1000,39,163,41.000053,20,1.000000,9.000000,5000
0,9,1,1.650945,40246462,1,1000,39,163,41.000053,20,1.000000,9.000000,5000
0,10,1,2.351945,2079174429,2,1000,39,163,41.000053,20,1.000000,9.000000,5000
0,11,1,1.717013,2039961176,1,1000,39,163,41.000053,20,1.000000,9.000000,5000
0,12,1,1.967532,445362015,2,1000,39,163,41.000053,20,1.000000,9.000000,5000
0,13,1,1.828884,692904162,2,1000,39,163,41.000053,20,1.000000,9.000000,5000
0,14,1,2.089751,2072435281,2,1000,39,163,41.000053,20,1.000000,9.000000,5000
0,15,1,2.027439,1704455900,2,1000,39,163,41.000053,20,1.000000,9.000000,5000
0,16,1,2.346608,523025523,2,1000,39,163,41.000053,20,1.000000,9.000000,5000
0,17,1,1.884006,965480134,1,1000,39,163,41.000053,20,1.000000,9.000000,5000
0,18,1,1.829747,361770565,2,1000,39,163,41.000053,20,1.000000,9.000000,5000
0,19,1,1.602303,1789315872,2,1000,39,163,41.000053,20,1.000000,9.000000,5000
0,20,1,2.554389,240350279,2,1000,39,163,41.000053,20,1.000000,9.000000,5000
0,1,1,2.815427,1692955887,2,1000,40,168,41.000084,20,1.000000,9.000000,5000
0,2,1,2.474358,1140537010,2,1000,40,168,41.000084,20,1.000000,9.000000,5000
0,3,1,1.913395,741550433,1,1000,40,168,41.000084,20,1.000000,9.000000,5000
0,4,1,1.912497,2106713132,1,1000,40,168,41.000084,20,1.000000,9.000000,5000
0,5,1,1.911867,1388239107,1,1000,40,168,41.000084,20,1.000000,9.000000,5000
0,6,1,1.991815,778794902,1,1000,40,168,41.000084,20,1.000000,9.000000,5000
0,7,1,2.154395,1609415765,1,1000,40,168,41.000084,20,1.000000,9.000000,5000
0,8,1,1.948591,1949195120,1,1000,40,168,41.000084,20,1.000000,9.000000,5000
0,9,1,1.519604,1337620439,1,1000,40,168,41.000084,20,1.000000,9.000000,5000
0,10,1,2.342267,1761515066,2,1000,40,168,41.000084,20,1.000000,9.000000,5000
0,11,1,2.122445,1918188553,2,1000,40,168,41.000084,20,1.000000,9.000000,5000
0,12,1,1.878017,1774414452,1,1000,40,168,41.000084,20,1.000000,9.000000,5000
0,13,1,1.983502,889447787,2,1000,40,168,41.000084,20,1.000000,9.000000,5000
0,14,1,1.591704,1151071902,2,1000,40,168,41.000084,20,1.000000,9.000000,5000
0,15,1,2.535678,1632443517,2,1000,40,168,41.000084,20,1.000000,9.000000,5000
0,16,1,1.494683,900388152,1,1000,40,168,41.000084,20,1.000000,9.000000,5000
0,17,1,2.338777,708212159,2,1000,40,168,41.000084,20,1.000000,9.000000,5000
0,18,1,2.319515,1176550594,2,1000,40,168,41.000084,20,1.000000,9.000000,5000
0,19,1,1.533436,1545441713,1,1000,40,168,41.000084,20,1.000000,9.000000,5000
0,20,1,2.070957,154017724,2,1000,40,168,41.000084,20,1.000000,9.000000,5000
0,1,1,10.016140,1116268584,9,1000,41,173,5000.000116,20,1.000000,9.000000,5000
0,2,1,53.805448,835562095,53,1000,41,173,5000.000116,20,1.000000,9.000000,5000
0,3,1,450.468098,301904434,450,1000,41,173,5000.000116,20,1.000000,9.000000,5000
0,4,1,4022.963462,416924385,4022,1000,41,173,5000.000116,20,1.000000,9.000000,5000
0,1,1,9.568361,1430427853,9,1000,42,174,5000.000182,20,1.000000,9.000000,5000
0,2,1,54.078238,774567112,54,1000,42,174,5000.000182,20,1.000000,9.000000,5000
0,3,1,459.046977,1502465423,459,1000,42,174,5000.000182,20,1.000000,9.000000,5000
0,4,1,4104.160649,1796953554,4104,1000,42,174,5000.000182,20,1.000000,9.000000,5000
0,1,1,10.030644,1482059088,9,1000,43,181,5000.000196,20,1.000000,9.000000,5000
0,2,1,62.887725,347602231,62,1000,43,181,5000.000196,20,1.000000,9.000000,5000
0,3,1,540.051919,1316457754,540,1000,43,181,5000.000196,20,1.000000,9.000000,5000
0,1,1,10.297944,591212516,9,1000,44,185,5000.000161,20,1.000000,9.000000,5000
0,2,1,71.857311,103622299,71,1000,44,185,5000.000161,20,1.000000,9.000000,5000
0,3,1,629.341709,1823734414,629,1000,44,185,5000.000161,20,1.000000,9.000000,5000
0,1,1,2.461709,380315717,2,1000,45,198,41.000123,20,1.000000,9.000000,5000
0,2,1,2.511971,1458171168,2,1000,45,198,41.000123,20,1.000000,9.000000,5000
0,3,1,1.785744,251158087,2,1000,45,198,41.000123,20,1.000000,9.000000,5000
0,4,1,2.080481,557915242,2,1000,45,198,41.000123,20,1.000000,9.000000,5000
0,5,1,2.011582,1244051705,2,1000,45,198,41.000123,20,1.000000,9.000000,5000
0,6,1,1.600922,857600292,2,1000,45,198,41.000123,20,1.000000,9.000000,5000
0,7,1,2.429603,1847964891,2,1000,45,198,41.000123,20,1.000000,9.000000,5000
0,8,1,2.022896,502507982,2,1000,45,198,41.000123,20,1.000000,9.000000,5000
0,9,1,1.741587,531929709,2,1000,45,198,41.000123,20,1.000000,9.000000,5000
0,10,1,2.217049,2003042536,2,1000,45,198,41.000123,20,1.000000,9.000000,5000
0,11,1,1.644081,1187552815,2,1000,45,198,41.000123,20,1.000000,9.000000,5000
0,12,1,2.463601,1158794482,2,1000,45,198,41.000123,20,1.000000,9.000000,5000
0,13,1,1.784131,2068709537,2,1000,45,198,41.000123,20,1.000000,9.000000,5000
0,14,1,1.518794,2065342572,2,1000,45,198,41.000123,20,1.000000,9.000000,5000
0,15,1,2.809401,1200369219,2,1000,45,198,41.000123,20,1.000000,9.000000,5000
0,16,1,1.648204,1017080278,1,1000,45,198,41.000123,20,1.000000,9.000000,5000
0,17,1,2.138160,1312087957,2,1000,45,198,41.000123,20,1.000000,9.000000,5000
0,18,1,2.212014,1770263472,2,1000,45,198,41.000123,20,1.000000,9.000000,5000
0,19,1,1.826023,82196759,1,1000,45,198,41.000123,20,1.000000,9.000000,5000
0,20,1,1.937695,1783506042,2,1000,45,198,41.000123,20,1.000000,9.000000,5000
0,1,1,2.970794,1951112062,2,1000,46,203,41.000154,20,1.000000,9.000000,5000
0,2,1,1.466819,1153196253,2,1000,46,203,41.000154,20,1.000000,9.000000,5000
0,3,1,2.626294,1958995736,2,1000,46,203,41.000154,20,1.000000,9.000000,5000
0,4,1,1.913319,1015610143,1,1000,46,203,41.000154,20,1.000000,9.000000,5000
0,5,1,1.948747,1935848354,2,1000,46,203,41.000154,20,1.000000,9.000000,5000
0,6,1,2.009940,154906641,2,1000,46,203,41.000154,20,1.000000,9.000000,5000
0,7,1,2.003676,98153372,2,1000,46,203,41.000154,20,1.000000,9.000000,5000
0,8,1,1.879029,1335135283,2,1000,46,203,41.000154,20,1.000000,9.000000,5000
0,9,1,1.697687,1829303686,2,1000,46,203,41.000154,20,1.000000,9.000000,5000
0,10,1,2.313225,1685383173,2,1000,46,203,41.000154,20,1.000000,9.000000,5000
0,11,1,2.024199,1065780192,2,1000,46,203,41.000154,20,1.000000,9.000000,5000
0,12,1,1.798540,340363271,2,1000,46,203,41.000154,20,1.000000,9.000000,5000
0,13,1,2.417566,117769514,2,1000,46,203,41.000154,20,1.000000,9.000000,5000
0,14,1,2.006642,1143979193,1,1000,46,203,41.000154,20,1.000000,9.000000,5000
0,15,1,1.841166,1128356836,1,1000,46,203,41.000154,20,1.000000,9.000000,5000
0,16,1,1.841355,1394442907,2,1000,46,203,41.000154,20,1.000000,9.000000,5000
0,17,1,2.221678,1054819982,2,1000,46,203,41.000154,20,1.000000,9.000000,5000
0,18,1,1.990424,437559853,2,1000,46,203,41.000154,20,1.000000,9.000000,5000
0,19,1,1.694889,1985806248,2,1000,46,203,41.000154,20,1.000000,9.000000,5000
0,20,1,2.224182,1697173487,2,1000,46,203,41.000154,20,1.000000,9.000000,5000
0,1,1,19.074458,431946952,18,1000,47,205,5000.000137,20,1.000000,9.000000,5000
0,2,1,134.672356,1031206287,134,1000,47,205,5000.000137,20,1.000000,9.000000,5000
0,3,1,1179.095720,65150418,1179,1000,47,205,5000.000137,20,1.000000,9.000000,5000
0,1,1,19.077971,1060265490,18,1000,48,207,5000.000119,20,1.000000,9.000000,5000
0,2,1,135.030694,909216321,134,1000,48,207,5000.000119,20,1.000000,9.000000,5000
0,3,1,1169.768289,318788748,1169,1000,48,207,5000.000119,20,1.000000,9.000000,5000
0,1,1,2.579878,1374424759,2,1000,49,208,41.000185,20,1.000000,9.000000,5000
0,2,1,2.314433,848221338,2,1000,49,208,41.000185,20,1.000000,9.000000,5000
0,3,1,2.320239,1519349737,2,1000,49,208,41.000185,20,1.000000,9.000000,5000
0,4,1,1.885902,1473305044,1,1000,49,208,41.000185,20,1.000000,9.000000,5000
0,5,1,1.709128,480161355,1,1000,49,208,41.000185,20,1.000000,9.000000,5000
0,6,1,2.287589,1599696638,2,1000,49,208,41.000185,20,1.000000,9.000000,5000
0,7,1,1.792299,495825501,1,1000,49,208,41.000185,20,1.000000,9.000000,5000
0,8,1,2.125127,20278936,2,1000,49,208,41.000185,20,1.000000,9.000000,5000
0,9,1,1.608624,979194015,1,1000,49,208,41.000185,20,1.000000,9.000000,5000
0,10,1,2.406871,1367723810,2,1000,49,208,41.000185,20,1.000000,9.000000,5000
0,11,1,1.733527,944007569,1,1000,49,208,41.000185,20,1.000000,9.000000,5000
0,12,1,2.080417,1669415708,2,1000,49,208,41.000185,20,1.000000,9.000000,5000
0,13,1,2.134770,314313139,2,1000,49,208,41.000185,20,1.000000,9.000000,5000
0,14,1,2.021983,222615814,2,1000,49,208,41.000185,20,1.000000,9.000000,5000
0,15,1,1.774349,1056344453,1,1000,49,208,41.000185,20,1.000000,9.000000,5000
0,16,1,2.288846,1771805536,2,1000,49,208,41.000185,20,1.000000,9.000000,5000
0,17,1,1.999369,797552007,1,1000,49,208,41.000185,20,1.000000,9.000000,5000
0,18,1,1.857089,1252339882,1,1000,49,208,41.000185,20,1.000000,9.000000,5000
0,19,1,2.111657,1741932089,2,1000,49,208,41.000185,20,1.000000,9.000000,5000
0,20,1,1.617979,1610840932,1,1000,49,208,41.000185,20,1.000000,9.000000,5000
0,1,1,9.865137,2002743297,9,1000,50,210,5000.000168,20,1.000000,9.000000,5000
0,2,1,62.994961,726231372,63,1000,50,210,5000.000168,20,1.000000,9.000000,5000
0,3,1,549.130110,1772988067,549,1000,50,210,5000.000168,20,1.000000,9.000000,5000
0,1,1,19.088962,797737456,18,1000,51,213,5000.000067,20,1.000000,9.000000,5000
0,2,1,125.724226,543246423,125,1000,51,213,5000.000067,20,1.000000,9.000000,5000
0,3,1,1044.167478,1079703738,1044,1000,51,213,5000.000067,20,1.000000,9.000000,5000
0,1,1,3.092625,1426055994,2,1000,52,215,41.000199,20,1.000000,9.000000,5000
0,2,1,2.158453,421256457,1,1000,52,215,41.000199,20,1.000000,9.000000,5000
0,3,1,1.777585,1333342068,1,1000,52,215,41.000199,20,1.000000,9.000000,5000
0,4,1,2.178163,396090987,1,1000,52,215,41.000199,20,1.000000,9.000000,5000
0,5,1,1.950111,1019179934,1,1000,52,215,41.000199,20,1.000000,9.000000,5000
0,6,1,1.765908,186428797,1,1000,52,215,41.000199,20,1.000000,9.000000,5000
0,7,1,2.207714,623069752,2,1000,52,215,41.000199,20,1.000000,9.000000,5000
0,8,1,1.918135,1615453887,1,1000,52,215,41.000199,20,1.000000,9.000000,5000
0,9,1,1.948898,1507027394,1,1000,52,215,41.000199,20,1.000000,9.000000,5000
0,10,1,2.003233,1781994161,2,1000,52,215,41.000199,20,1.000000,9.000000,5000
0,11,1,2.250914,1632519356,1,1000,52,215,41.000199,20,1.000000,9.000000,5000
0,12,1,1.477922,94115283,1,1000,52,215,41.000199,20,1.000000,9.000000,5000
0,13,1,2.008654,589474214,2,1000,52,215,41.000199,20,1.000000,9.000000,5000
0,14,1,2.082031,1509687461,2,1000,52,215,41.000199,20,1.000000,9.000000,5000
0,15,1,2.097049,1814520576,2,1000,52,215,41.000199,20,1.000000,9.000000,5000
0,16,1,1.964924,1870616487,2,1000,52,215,41.000199,20,1.000000,9.000000,5000
0,17,1,2.210634,437376842,2,1000,52,215,41.000199,20,1.000000,9.000000,5000
0,18,1,1.950921,1963535193,1,1000,52,215,41.000199,20,1.000000,9.000000,5000
0,19,1,2.226747,1830004996,1,1000,52,215,41.000199,20,1.000000,9.000000,5000
0,20,1,1.358602,1489975355,1,1000,52,215,41.000199,20,1.000000,9.000000,5000
0,1,1,2.791952,849368691,2,1000,53,220,41.000081,20,1.000000,9.000000,5000
0,2,1,2.194721,116281542,2,1000,53,220,41.000081,20,1.000000,9.000000,5000
0,3,1,2.014918,893696069,2,1000,53,220,41.000081,20,1.000000,9.000000,5000
0,4,1,2.063293,853785888,1,1000,53,220,41.000081,20,1.000000,9.000000,5000
0,5,1,1.872399,1710976583,1,1000,53,220,41.000081,20,1.000000,9.000000,5000
0,6,1,2.109304,1631218794,2,1000,53,220,41.000081,20,1.000000,9.000000,5000
0,7,1,1.688795,1020741881,1,1000,53,220,41.000081,20,1.000000,9.000000,5000
0,8,1,2.184164,300597540,2,1000,53,220,41.000081,20,1.000000,9.000000,5000
0,9,1,1.973297,656917723,2,1000,53,220,41.000081,20,1.000000,9.000000,5000
0,10,1,1.892716,1464334798,2,1000,53,220,41.000081,20,1.000000,9.000000,5000
0,11,1,1.668213,1510746733,2,1000,53,220,41.000081,20,1.000000,9.000000,5000
0,12,1,2.714064,1423167720,2,1000,53,220,41.000081,20,1.000000,9.000000,5000
0,13,1,1.771257,786017839,1,1000,53,220,41.000081,20,1.000000,9.000000,5000
0,14,1,1.588660,588324082,2,1000,53,220,41.000081,20,1.000000,9.000000,5000
0,15,1,2.320451,1742508193,2,1000,53,220,41.000081,20,1.000000,9.000000,5000
0,16,1,1.831335,100495468,2,1000,53,220,41.000081,20,1.000000,9.000000,5000
0,17,1,1.891901,180108867,2,1000,53,220,41.000081,20,1.000000,9.000000,5000
0,18,1,2.508293,630831574,2,1000,53,220,41.000081,20,1.000000,9.000000,5000
0,19,1,1.782187,1586130837,1,1000,53,220,41.000081,20,1.000000,9.000000,5000
0,20,1,1.823871,1403642800,2,1000,53,220,41.000081,20,1.000000,9.000000,5000
0,1,1,3.110794,272681388,2,1000,54,225,41.000112,20,1.000000,9.000000,5000
0,2,1,2.077152,1958790275,1,1000,54,225,41.000112,20,1.000000,9.000000,5000
0,3,1,1.771550,454050070,1,1000,54,225,41.000112,20,1.000000,9.000000,5000
0,4,1,1.958132,1311480789,2,1000,54,225,41.000112,20,1.000000,9.000000,5000
0,5,1,1.591690,255289584,2,1000,54,225,41.000112,20,1.000000,9.000000,5000
0,6,1,2.548150,928525143,2,1000,54,225,41.000112,20,1.000000,9.000000,5000
0,7,1,2.025652,1418414010,1,1000,54,225,41.000112,20,1.000000,9.000000,5000
0,8,1,1.904966,1133224841,1,1000,54,225,41.000112,20,1.000000,9.000000,5000
0,9,1,1.677798,1954291700,2,1000,54,225,41.000112,20,1.000000,9.000000,5000
0,10,1,2.188172,1146675435,2,1000,54,225,41.000112,20,1.000000,9.000000,5000
0,11,1,2.094822,1388974110,2,1000,54,225,41.000112,20,1.000000,9.000000,5000
0,12,1,2.189487,604736509,2,1000,54,225,41.000112,20,1.000000,9.000000,5000
0,13,1,1.319289,982561464,1,1000,54,225,41.000112,20,1.000000,9.000000,5000
0,14,1,2.655803,1814444351,2,1000,54,225,41.000112,20,1.000000,9.000000,5000
0,15,1,1.563293,1670495810,1,1000,54,225,41.000112,20,1.000000,9.000000,5000
0,16,1,2.429734,477858097,2,1000,54,225,41.000112,20,1.000000,9.000000,5000
0,17,1,1.338637,2070324540,1,1000,54,225,41.000112,20,1.000000,9.000000,5000
0,18,1,2.568220,1445611603,2,1000,54,225,41.000112,20,1.000000,9.000000,5000
0,19,1,2.169808,1342256678,1,1000,54,225,41.000112,20,1.000000,9.000000,5000
0,20,1,1.460852,1317310245,1,1000,54,225,41.000112,20,1.000000,9.000000,5000
0,1,1,2.623541,324312623,2,1000,55,232,41.000126,20,1.000000,9.000000,5000
0,2,1,2.314651,1531825394,2,1000,55,232,41.000126,20,1.000000,9.000000,5000
0,3,1,1.791758,268042401,2,1000,55,232,41.000126,20,1.000000,9.000000,5000
0,4,1,2.342031,234266732,2,1000,55,232,41.000126,20,1.000000,9.000000,5000
0,5,1,1.786049,794308163,1,1000,55,232,41.000126,20,1.000000,9.000000,5000
0,6,1,1.625561,1662740950,2,1000,55,232,41.000126,20,1.000000,9.000000,5000
0,7,1,2.090000,1545658261,2,1000,55,232,41.000126,20,1.000000,9.000000,5000
0,8,1,2.576029,580916144,2,1000,55,232,41.000126,20,1.000000,9.000000,5000
0,9,1,1.231838,334641431,1,1000,55,232,41.000126,20,1.000000,9.000000,5000
0,10,1,2.625034,1560945786,2,1000,55,232,41.000126,20,1.000000,9.000000,5000
0,11,1,2.111950,2077485897,1,1000,55,232,41.000126,20,1.000000,9.000000,5000
0,12,1,1.983926,1176919732,1,1000,55,232,41.000126,20,1.000000,9.000000,5000
0,13,1,1.928146,1257722539,1,1000,55,232,41.000126,20,1.000000,9.000000,5000
0,14,1,1.999521,954032350,1,1000,55,232,41.000126,20,1.000000,9.000000,5000
0,15,1,2.120694,281188285,1,1000,55,232,41.000126,20,1.000000,9.000000,5000
0,16,1,1.816473,576669048,1,1000,55,232,41.000126,20,1.000000,9.000000,5000
0,17,1,2.248785,1710149375,2,1000,55,232,41.000126,20,1.000000,9.000000,5000
0,18,1,1.689832,9323266,1,1000,55,232,41.000126,20,1.000000,9.000000,5000
0,19,1,2.097578,1430329585,2,1000,55,232,41.000126,20,1.000000,9.000000,5000
0,20,1,1.536079,1196444668,1,1000,55,232,41.000126,20,1.000000,9.000000,5000
0,1,1,3.032776,1895108968,2,1000,56,237,41.000158,20,1.000000,9.000000,5000
0,2,1,1.759778,1226850479,1,1000,56,237,41.000158,20,1.000000,9.000000,5000
0,3,1,2.142029,1975880050,2,1000,56,237,41.000158,20,1.000000,9.000000,5000
0,4,1,1.832155,691961633,2,1000,56,237,41.000158,20,1.000000,9.000000,5000
0,5,1,2.065922,1486104812,2,1000,56,237,41.000158,20,1.000000,9.000000,5000
0,6,1,1.774822,960047299,2,1000,56,237,41.000158,20,1.000000,9.000000,5000
0,7,1,2.062455,1943330390,2,1000,56,237,41.000158,20,1.000000,9.000000,5000
0,8,1,2.350689,1413543445,2,1000,56,237,41.000158,20,1.000000,9.000000,5000
0,9,1,1.897381,1632015408,1,1000,56,237,41.000158,20,1.000000,9.000000,5000
0,10,1,1.823733,1243286423,2,1000,56,237,41.000158,20,1.000000,9.000000,5000
0,11,1,1.865689,1955713274,2,1000,56,237,41.000158,20,1.000000,9.000000,5000
0,12,1,2.298677,358488521,2,1000,56,237,41.000158,20,1.000000,9.000000,5000
0,13,1,2.163708,1454266164,2,1000,56,237,41.000158,20,1.000000,9.000000,5000
0,14,1,1.662697,32668971,1,1000,56,237,41.000158,20,1.000000,9.000000,5000
0,15,1,2.252167,209175902,2,1000,56,237,41.000158,20,1.000000,9.000000,5000
0,16,1,1.905196,954031677,2,1000,56,237,41.000158,20,1.000000,9.000000,5000
0,17,1,1.846065,1452881400,2,1000,56,237,41.000158,20,1.000000,9.000000,5000
0,18,1,2.205883,824103295,2,1000,56,237,41.000158,20,1.000000,9.000000,5000
0,19,1,1.894700,1186455426,2,1000,56,237,41.000158,20,1.000000,9.000000,5000
0,20,1,2.000464,1110112113,2,1000,56,237,41.000158,20,1.000000,9.000000,5000
0,1,1,18.946605,61784589,18,1000,57,238,5000.000074,20,1.000000,9.000000,5000
0,2,1,152.838680,1165855496,153,1000,57,238,5000.000074,20,1.000000,9.000000,5000
0,3,1,1268.724023,1028957391,1269,1000,57,238,5000.000074,20,1.000000,9.000000,5000
0,1,1,2.641860,1318421665,2,1000,58,242,41.000189,20,1.000000,9.000000,5000
0,2,1,2.168472,921875564,2,1000,58,242,41.000189,20,1.000000,9.000000,5000
0,3,1,2.003122,1536234051,2,1000,58,242,41.000189,20,1.000000,9.000000,5000
0,4,1,2.193692,1149656534,2,1000,58,242,41.000189,20,1.000000,9.000000,5000
0,5,1,1.924078,30417813,1,1000,58,242,41.000189,20,1.000000,9.000000,5000
0,6,1,1.821845,257353648,2,1000,58,242,41.000189,20,1.000000,9.000000,5000
0,7,1,2.341590,193518871,2,1000,58,242,41.000189,20,1.000000,9.000000,5000
0,8,1,1.906377,98687098,1,1000,58,242,41.000189,20,1.000000,9.000000,5000
0,9,1,2.095634,781905737,1,1000,58,242,41.000189,20,1.000000,9.000000,5000
0,10,1,1.956858,925627060,1,1000,58,242,41.000189,20,1.000000,9.000000,5000
0,11,1,1.942109,1833940651,1,1000,58,242,41.000189,20,1.000000,9.000000,5000
0,12,1,1.971599,1687540958,2,1000,58,242,41.000189,20,1.000000,9.000000,5000
0,13,1,2.013266,1650809789,2,1000,58,242,41.000189,20,1.000000,9.000000,5000
0,14,1,1.732498,1258789240,2,1000,58,242,41.000189,20,1.000000,9.000000,5000
0,15,1,2.348344,137163519,2,1000,58,242,41.000189,20,1.000000,9.000000,5000
0,16,1,2.168319,1331394306,1,1000,58,242,41.000189,20,1.000000,9.000000,5000
0,17,1,1.948018,1195613425,1,1000,58,242,41.000189,20,1.000000,9.000000,5000
0,18,1,2.098475,1638883324,1,1000,58,242,41.000189,20,1.000000,9.000000,5000
0,19,1,1.752352,942581267,1,1000,58,242,41.000189,20,1.000000,9.000000,5000
0,20,1,1.892342,1023779558,1,1000,58,242,41.000189,20,1.000000,9.000000,5000
0,1,1,10.150938,741734362,9,1000,59,247,5000.000070,20,1.000000,9.000000,5000
0,2,1,53.747670,616900649,53,1000,59,247,5000.000070,20,1.000000,9.000000,5000
0,3,1,431.744940,1096588052,432,1000,59,247,5000.000070,20,1.000000,9.000000,5000
0,4,1,3780.242313,1607351435,3780,1000,59,247,5000.000070,20,1.000000,9.000000,5000
0,1,1,3.169926,1370052900,2,1000,60,249,41.000053,20,1.000000,9.000000,5000
0,2,1,1.674972,494910683,1,1000,60,249,41.000053,20,1.000000,9.000000,5000
0,3,1,2.220468,1350226382,2,1000,60,249,41.000053,20,1.000000,9.000000,5000
0,4,1,1.664556,72442477,1,1000,60,249,41.000053,20,1.000000,9.000000,5000
0,5,1,2.113584,569436392,2,1000,60,249,41.000053,20,1.000000,9.000000,5000
0,6,1,2.100982,991569455,2,1000,60,249,41.000053,20,1.000000,9.000000,5000
0,7,1,1.437769,320763122,2,1000,60,249,41.000053,20,1.000000,9.000000,5000
0,8,1,2.768446,1693862049,2,1000,60,249,41.000053,20,1.000000,9.000000,5000
0,9,1,1.768098,1309739116,1,1000,60,249,41.000053,20,1.000000,9.000000,5000
0,10,1,2.009320,1339897411,2,1000,60,249,41.000053,20,1.000000,9.000000,5000
0,11,1,1.890408,374968790,2,1000,60,249,41.000053,20,1.000000,9.000000,5000
0,12,1,1.931994,112240533,2,1000,60,249,41.000053,20,1.000000,9.000000,5000
0,13,1,2.350598,1925970864,2,1000,60,249,41.000053,20,1.000000,9.000000,5000
0,14,1,1.709777,398377239,1,1000,60,249,41.000053,20,1.000000,9.000000,5000
0,15,1,2.151914,895339642,2,1000,60,249,41.000053,20,1.000000,9.000000,5000
0,16,1,1.920789,1430205257,2,1000,60,249,41.000053,20,1.000000,9.000000,5000
0,17,1,1.471800,835438260,2,1000,60,249,41.000053,20,1.000000,9.000000,5000
0,18,1,2.364996,202594987,2,1000,60,249,41.000053,20,1.000000,9.000000,5000
0,19,1,1.975699,1030654174,2,1000,60,249,41.000053,20,1.000000,9.000000,5000
0,20,1,2.200432,902913981,2,1000,60,249,41.000053,20,1.000000,9.000000,5000
0,1,1,2.683335,793365597,2,1000,61,254,41.000084,20,1.000000,9.000000,5000
0,2,1,2.286618,189935768,2,1000,61,254,41.000084,20,1.000000,9.000000,5000
0,3,1,1.643292,910580383,2,1000,61,254,41.000084,20,1.000000,9.000000,5000
0,4,1,2.164899,530137378,2,1000,61,254,41.000084,20,1.000000,9.000000,5000
0,5,1,1.945709,1261233041,2,1000,61,254,41.000084,20,1.000000,9.000000,5000
0,6,1,2.444378,288875804,2,1000,61,254,41.000084,20,1.000000,9.000000,5000
0,7,1,1.677483,718435251,1,1000,61,254,41.000084,20,1.000000,9.000000,5000
0,8,1,2.275842,379005702,2,1000,61,254,41.000084,20,1.000000,9.000000,5000
0,9,1,1.667061,459629445,1,1000,61,254,41.000084,20,1.000000,9.000000,5000
0,10,1,1.969343,1022238048,2,1000,61,254,41.000084,20,1.000000,9.000000,5000
0,11,1,2.343014,253196167,2,1000,61,254,41.000084,20,1.000000,9.000000,5000
0,12,1,2.098155,1441292970,1,1000,61,254,41.000084,20,1.000000,9.000000,5000
0,13,1,1.478632,2122514489,1,1000,61,254,41.000084,20,1.000000,9.000000,5000
0,14,1,2.382695,1624497508,2,1000,61,254,41.000084,20,1.000000,9.000000,5000
0,15,1,2.060548,823327259,1,1000,61,254,41.000084,20,1.000000,9.000000,5000
0,16,1,1.659813,1807567886,1,1000,61,254,41.000084,20,1.000000,9.000000,5000
0,17,1,1.965121,578170285,2,1000,61,254,41.000084,20,1.000000,9.000000,5000
0,18,1,2.137841,1017375016,2,1000,61,254,41.000084,20,1.000000,9.000000,5000
0,19,1,2.183683,786780015,2,1000,61,254,41.000084,20,1.000000,9.000000,5000
0,20,1,1.920576,816581426,1,1000,61,254,41.000084,20,1.000000,9.000000,5000
0,1,1,10.165593,1107524866,9,1000,62,255,5000.000151,20,1.000000,9.000000,5000
0,2,1,62.797240,128940785,62,1000,62,255,5000.000151,20,1.000000,9.000000,5000
0,3,1,540.075742,2111141372,540,1000,62,255,5000.000151,20,1.000000,9.000000,5000
0,1,1,10.296742,216678294,9,1000,63,259,5000.000116,20,1.000000,9.000000,5000
0,2,1,53.240234,2032444501,53,1000,63,259,5000.000116,20,1.000000,9.000000,5000
0,3,1,450.238388,470934384,450,1000,63,259,5000.000116,20,1.000000,9.000000,5000
0,4,1,4023.240099,987832279,4023,1000,63,259,5000.000116,20,1.000000,9.000000,5000
0,1,1,18.999511,530837563,18,1000,64,260,5000.000182,20,1.000000,9.000000,5000
0,2,1,134.993766,1971449518,135,1000,64,260,5000.000182,20,1.000000,9.000000,5000
0,3,1,1188.042039,1671495373,1188,1000,64,260,5000.000182,20,1.000000,9.000000,5000
0,1,1,10.183762,2101633908,9,1000,65,265,5000.000063,20,1.000000,9.000000,5000
0,2,1,62.708550,1666474603,62,1000,65,265,5000.000063,20,1.000000,9.000000,5000
0,3,1,539.986770,1231849374,540,1000,65,265,5000.000063,20,1.000000,9.000000,5000
0,1,1,37.026326,1524946605,36,1000,66,270,5000.000095,20,1.000000,9.000000,5000
0,2,1,297.162021,1361499688,296,1000,66,270,5000.000095,20,1.000000,9.000000,5000
0,3,1,2636.777089,792203375,2636,1000,66,270,5000.000095,20,1.000000,9.000000,5000
0,1,1,19.242508,1262418571,18,1000,67,276,361.000192,20,1.000000,9.000000,5000
0,2,1,17.713377,995529790,17,1000,67,276,361.000192,20,1.000000,9.000000,5000
0,3,1,18.113263,1553118365,18,1000,67,276,361.000192,20,1.000000,9.000000,5000
0,4,1,18.213391,826008024,17,1000,67,276,361.000192,20,1.000000,9.000000,5000
0,5,1,17.815021,1728157919,17,1000,67,276,361.000192,20,1.000000,9.000000,5000
0,6,1,17.955308,1062494306,17,1000,67,276,361.000192,20,1.000000,9.000000,5000
0,7,1,18.227761,2038695889,17,1000,67,276,361.000192,20,1.000000,9.000000,5000
0,8,1,18.012860,177095260,17,1000,67,276,361.000192,20,1.000000,9.000000,5000
0,9,1,17.846498,584617459,17,1000,67,276,361.000192,20,1.000000,9.000000,5000
0,10,1,17.836317,483530310,17,1000,67,276,361.000192,20,1.000000,9.000000,5000
0,11,1,18.212850,576390085,18,1000,67,276,361.000192,20,1.000000,9.000000,5000
0,12,1,17.816184,1705666208,17,1000,67,276,361.000192,20,1.000000,9.000000,5000
0,13,1,18.016325,839822791,17,1000,67,276,361.000192,20,1.000000,9.000000,5000
0,14,1,18.049390,147479018,17,1000,67,276,361.000192,20,1.000000,9.000000,5000
0,15,1,17.914752,1365466233,17,1000,67,276,361.000192,20,1.000000,9.000000,5000
0,16,1,17.842949,890983076,18,1000,67,276,361.000192,20,1.000000,9.000000,5000
0,17,1,18.344383,1593674843,18,1000,67,276,361.000192,20,1.000000,9.000000,5000
0,18,1,17.728587,2025426766,17,1000,67,276,361.000192,20,1.000000,9.000000,5000
0,19,1,18.254019,143230445,18,1000,67,276,361.000192,20,1.000000,9.000000,5000
0,20,1,17.480855,436718184,17,1000,67,276,361.000192,20,1.000000,9.000000,5000
0,1,1,9.945127,1576577840,9,1000,68,277,5000.000109,20,1.000000,9.000000,5000
0,2,1,62.659031,934534807,63,1000,68,277,5000.000109,20,1.000000,9.000000,5000
0,3,1,549.482203,606195706,549,1000,68,277,5000.000109,20,1.000000,9.000000,5000
0,1,1,9.755916,685731268,9,1000,69,281,5000.000074,20,1.000000,9.000000,5000
0,2,1,54.419450,690554875,54,1000,69,281,5000.000074,20,1.000000,9.000000,5000
0,3,1,413.980137,1113472366,413,1000,69,281,5000.000074,20,1.000000,9.000000,5000
0,4,1,3284.892616,1283702925,3284,1000,69,281,5000.000074,20,1.000000,9.000000,5000
0,1,1,9.800419,999890537,9,1000,70,282,5000.000140,20,1.000000,9.000000,5000
0,2,1,63.267673,629559892,63,1000,70,282,5000.000140,20,1.000000,9.000000,5000
0,3,1,540.104625,166549707,539,1000,70,282,5000.000140,20,1.000000,9.000000,5000
0,1,1,2.313670,1051521772,2,1000,71,289,41.000154,20,1.000000,9.000000,5000
0,2,1,2.636884,202595011,2,1000,71,289,41.000154,20,1.000000,9.000000,5000
0,3,1,2.243237,2128025686,2,1000,71,289,41.000154,20,1.000000,9.000000,5000
0,4,1,1.837231,1586518037,1,1000,71,289,41.000154,20,1.000000,9.000000,5000
0,5,1,1.855558,1808842288,1,1000,71,289,41.000154,20,1.000000,9.000000,5000
0,6,1,1.848131,1812471191,2,1000,71,289,41.000154,20,1.000000,9.000000,5000
0,7,1,2.355482,1354656506,2,1000,71,289,41.000154,20,1.000000,9.000000,5000
0,8,1,1.827634,1912429513,1,1000,71,289,41.000154,20,1.000000,9.000000,5000
0,9,1,2.178663,951312692,2,1000,71,289,41.000154,20,1.000000,9.000000,5000
0,10,1,1.470634,946106155,1,1000,71,289,41.000154,20,1.000000,9.000000,5000
0,11,1,2.133843,1548271454,2,1000,71,289,41.000154,20,1.000000,9.000000,5000
0,12,1,2.265751,7241789,2,1000,71,289,41.000154,20,1.000000,9.000000,5000
0,13,1,2.002740,1350836216,2,1000,71,289,41.000154,20,1.000000,9.000000,5000
0,14,1,1.707589,1617404799,2,1000,71,289,41.000154,20,1.000000,9.000000,5000
0,15,1,2.391732,319240578,2,1000,71,289,41.000154,20,1.000000,9.000000,5000
0,16,1,1.992855,154138993,1,1000,71,289,41.000154,20,1.000000,9.000000,5000
0,17,1,1.502993,924778108,1,1000,71,289,41.000154,20,1.000000,9.000000,5000
0,18,1,2.190441,278384275,2,1000,71,289,41.000154,20,1.000000,9.000000,5000
0,19,1,1.912231,1227144550,2,1000,71,289,41.000154,20,1.000000,9.000000,5000
0,20,1,2.102546,212253541,2,1000,71,289,41.000154,20,1.000000,9.000000,5000
0,1,1,2.890893,474834469,2,1000,72,294,41.000185,20,1.000000,9.000000,5000
0,2,1,2.015104,2045103744,2,1000,72,294,41.000185,20,1.000000,9.000000,5000
0,3,1,2.071018,1688379687,2,1000,72,294,41.000185,20,1.000000,9.000000,5000
0,4,1,2.005077,2044212938,2,1000,72,294,41.000185,20,1.000000,9.000000,5000
0,5,1,2.076359,353155289,2,1000,72,294,41.000185,20,1.000000,9.000000,5000
0,6,1,1.829570,1109777540,1,1000,72,294,41.000185,20,1.000000,9.000000,5000
0,7,1,2.100657,1752328635,2,1000,72,294,41.000185,20,1.000000,9.000000,5000
0,8,1,1.898020,597573166,2,1000,72,294,41.000185,20,1.000000,9.000000,5000
0,9,1,1.690198,101203021,2,1000,72,294,41.000185,20,1.000000,9.000000,5000
0,10,1,2.459340,628446792,2,1000,72,294,41.000185,20,1.000000,9.000000,5000
0,11,1,1.738981,1426498831,1,1000,72,294,41.000185,20,1.000000,9.000000,5000
0,12,1,2.262523,1336294226,2,1000,72,294,41.000185,20,1.000000,9.000000,5000
0,13,1,1.561487,1547379841,1,1000,72,294,41.000185,20,1.000000,9.000000,5000
0,14,1,2.648658,696041420,2,1000,72,294,41.000185,20,1.000000,9.000000,5000
0,15,1,1.810964,247228195,1,1000,72,294,41.000185,20,1.000000,9.000000,5000
0,16,1,2.025541,531501622,1,1000,72,294,41.000185,20,1.000000,9.000000,5000
0,17,1,2.125130,667510133,1,1000,72,294,41.000185,20,1.000000,9.000000,5000
0,18,1,1.929145,1093164304,1,1000,72,294,41.000185,20,1.000000,9.000000,5000
0,19,1,2.128543,983270391,1,1000,72,294,41.000185,20,1.000000,9.000000,5000
0,20,1,1.635983,125920986,1,1000,72,294,41.000185,20,1.000000,9.000000,5000
0,1,1,9.404301,2045630814,9,1000,73,299,5000.000067,20,1.000000,9.000000,5000
0,2,1,54.841338,1740128829,54,1000,73,299,5000.000067,20,1.000000,9.000000,5000
0,3,1,440.220861,1248733688,440,1000,73,299,5000.000067,20,1.000000,9.000000,5000
0,4,1,3834.647836,354424191,3834,1000,73,299,5000.000067,20,1.000000,9.000000,5000
0,1,1,2.809695,526465704,2,1000,74,301,41.000199,20,1.000000,9.000000,5000
0,2,1,2.221545,1618138863,2,1000,74,301,41.000199,20,1.000000,9.000000,5000
0,3,1,1.968623,1502372018,1,1000,74,301,41.000199,20,1.000000,9.000000,5000
0,4,1,2.038257,966998881,2,1000,74,301,41.000199,20,1.000000,9.000000,5000
0,5,1,1.461322,892173868,1,1000,74,301,41.000199,20,1.000000,9.000000,5000
0,6,1,2.672280,1843993347,2,1000,74,301,41.000199,20,1.000000,9.000000,5000
0,7,1,1.730796,1879572886,1,1000,74,301,41.000199,20,1.000000,9.000000,5000
0,8,1,2.245385,45264469,2,1000,74,301,41.000199,20,1.000000,9.000000,5000
0,9,1,1.968465,629036400,1,1000,74,301,41.000199,20,1.000000,9.000000,5000
0,10,1,2.004520,1042717143,1,1000,74,301,41.000199,20,1.000000,9.000000,5000
0,11,1,1.711285,2115010618,1,1000,74,301,41.000199,20,1.000000,9.000000,5000
0,12,1,2.069073,1908477449,2,1000,74,301,41.000199,20,1.000000,9.000000,5000
0,13,1,1.632945,1822540916,2,1000,74,301,41.000199,20,1.000000,9.000000,5000
0,14,1,2.238793,1983113067,2,1000,74,301,41.000199,20,1.000000,9.000000,5000
0,15,1,2.354578,1005404318,2,1000,74,301,41.000199,20,1.000000,9.000000,5000
0,16,1,1.683665,630312573,1,1000,74,301,41.000199,20,1.000000,9.000000,5000
0,17,1,2.198638,307334968,2,1000,74,301,41.000199,20,1.000000,9.000000,5000
0,18,1,1.571291,1804359615,1,1000,74,301,41.000199,20,1.000000,9.000000,5000
0,19,1,2.264577,1071343298,2,1000,74,301,41.000199,20,1.000000,9.000000,5000
0,20,1,1.777805,5055409,2,1000,74,301,41.000199,20,1.000000,9.000000,5000
0,1,1,2.802592,2097262049,2,1000,75,306,41.000081,20,1.000000,9.000000,5000
0,2,1,1.733173,1313163948,2,1000,75,306,41.000081,20,1.000000,9.000000,5000
0,3,1,2.401017,1062726019,2,1000,75,306,41.000081,20,1.000000,9.000000,5000
0,4,1,2.069835,1424693782,2,1000,75,306,41.000081,20,1.000000,9.000000,5000
0,5,1,1.325186,1583970517,1,1000,75,306,41.000081,20,1.000000,9.000000,5000
0,6,1,1.963655,1141299696,2,1000,75,306,41.000081,20,1.000000,9.000000,5000
0,7,1,2.497044,129761367,2,1000,75,306,41.000081,20,1.000000,9.000000,5000
0,8,1,2.226258,877891770,2,1000,75,306,41.000081,20,1.000000,9.000000,5000
0,9,1,1.992853,1926410377,1,1000,75,306,41.000081,20,1.000000,9.000000,5000
0,10,1,1.841807,725057780,1,1000,75,306,41.000081,20,1.000000,9.000000,5000
0,11,1,2.179907,1993237995,2,1000,75,306,41.000081,20,1.000000,9.000000,5000
0,12,1,1.528706,1090046238,1,1000,75,306,41.000081,20,1.000000,9.000000,5000
0,13,1,2.186644,2019084541,2,1000,75,306,41.000081,20,1.000000,9.000000,5000
0,14,1,2.256314,1061749688,2,1000,75,306,41.000081,20,1.000000,9.000000,5000
0,15,1,1.650896,933391935,1,1000,75,306,41.000081,20,1.000000,9.000000,5000
0,16,1,2.456311,1007675202,2,1000,75,306,41.000081,20,1.000000,9.000000,5000
0,17,1,1.685825,50066993,1,1000,75,306,41.000081,20,1.000000,9.000000,5000
0,18,1,1.879161,471655996,2,1000,75,306,41.000081,20,1.000000,9.000000,5000
0,19,1,2.252779,827469139,2,1000,75,306,41.000081,20,1.000000,9.000000,5000
0,20,1,1.990933,2066206502,2,1000,75,306,41.000081,20,1.000000,9.000000,5000
0,1,1,19.077782,578096939,18,1000,76,308,5000.000063,20,1.000000,9.000000,5000
0,2,1,171.202997,1191173982,170,1000,76,308,5000.000063,20,1.000000,9.000000,5000
0,3,1,1520.341217,1316364349,1520,1000,76,308,5000.000063,20,1.000000,9.000000,5000
0,1,1,2.836510,1520574746,2,1000,77,311,41.000112,20,1.000000,9.000000,5000
0,2,1,1.837269,1008189033,2,1000,77,311,41.000112,20,1.000000,9.000000,5000
0,3,1,2.570157,623080020,2,1000,77,311,41.000112,20,1.000000,9.000000,5000
0,4,1,2.016201,1882388683,1,1000,77,311,41.000112,20,1.000000,9.000000,5000
0,5,1,1.544153,128283518,1,1000,77,311,41.000112,20,1.000000,9.000000,5000
0,6,1,2.025136,438606045,2,1000,77,311,41.000112,20,1.000000,9.000000,5000
0,7,1,2.260184,527433496,2,1000,77,311,41.000112,20,1.000000,9.000000,5000
0,8,1,2.143823,1710519071,1,1000,77,311,41.000112,20,1.000000,9.000000,5000
0,9,1,1.552519,1076300706,1,1000,77,311,41.000112,20,1.000000,9.000000,5000
0,10,1,2.050225,407398417,2,1000,77,311,41.000112,20,1.000000,9.000000,5000
0,11,1,2.427155,1871465372,2,1000,77,311,41.000112,20,1.000000,9.000000,5000
0,12,1,1.899822,271615027,1,1000,77,311,41.000112,20,1.000000,9.000000,5000
0,13,1,1.744162,68144518,1,1000,77,311,41.000112,20,1.000000,9.000000,5000
0,14,1,2.092830,140386309,2,1000,77,311,41.000112,20,1.000000,9.000000,5000
0,15,1,2.109269,861379552,1,1000,77,311,41.000112,20,1.000000,9.000000,5000
0,16,1,2.002188,1385037831,1,1000,77,311,41.000112,20,1.000000,9.000000,5000
0,17,1,2.068759,1940282666,1,1000,77,311,41.000112,20,1.000000,9.000000,5000
0,18,1,1.596423,1286436025,1,1000,77,311,41.000112,20,1.000000,9.000000,5000
0,19,1,1.781075,583594980,2,1000,77,311,41.000112,20,1.000000,9.000000,5000
0,20,1,1.965362,1979873947,2,1000,77,311,41.000112,20,1.000000,9.000000,5000
0,1,1,18.769482,1834734015,18,1000,78,312,5000.000178,20,1.000000,9.000000,5000
0,2,1,135.082499,947194050,135,1000,78,312,5000.000178,20,1.000000,9.000000,5000
0,3,1,1070.839157,1823641009,1071,1000,78,312,5000.000178,20,1.000000,9.000000,5000
0,1,1,2.953602,1572205981,2,1000,79,318,41.000126,20,1.000000,9.000000,5000
0,2,1,2.255037,581224152,2,1000,79,318,41.000126,20,1.000000,9.000000,5000
0,3,1,1.958927,437072351,1,1000,79,318,41.000126,20,1.000000,9.000000,5000
0,4,1,2.068653,805174626,1,1000,79,318,41.000126,20,1.000000,9.000000,5000
0,5,1,1.656436,667302097,1,1000,79,318,41.000126,20,1.000000,9.000000,5000
0,6,1,2.081803,1172821852,2,1000,79,318,41.000126,20,1.000000,9.000000,5000
0,7,1,2.103836,654677747,2,1000,79,318,41.000126,20,1.000000,9.000000,5000
0,8,1,2.170543,1158210374,1,1000,79,318,41.000126,20,1.000000,9.000000,5000
0,9,1,1.950916,1604134085,1,1000,79,318,41.000126,20,1.000000,9.000000,5000
0,10,1,1.844499,821668768,1,1000,79,318,41.000126,20,1.000000,9.000000,5000
0,11,1,2.121328,412493511,1,1000,79,318,41.000126,20,1.000000,9.000000,5000
0,12,1,1.871364,843798250,1,1000,79,318,41.000126,20,1.000000,9.000000,5000
0,13,1,1.648628,343305593,1,1000,79,318,41.000126,20,1.000000,9.000000,5000
0,14,1,2.223650,1427457956,2,1000,79,318,41.000126,20,1.000000,9.000000,5000
0,15,1,2.354669,1619555675,2,1000,79,318,41.000126,20,1.000000,9.000000,5000
0,16,1,1.334899,1483848782,1,1000,79,318,41.000126,20,1.000000,9.000000,5000
0,17,1,2.534112,1580107501,2,1000,79,318,41.000126,20,1.000000,9.000000,5000
0,18,1,1.766390,1997631336,1,1000,79,318,41.000126,20,1.000000,9.000000,5000
0,19,1,2.031638,671667887,2,1000,79,318,41.000126,20,1.000000,9.000000,5000
0,20,1,1.843659,1859008370,2,1000,79,318,41.000126,20,1.000000,9.000000,5000
0,1,1,3.268719,995518678,2,1000,80,323,41.000158,20,1.000000,9.000000,5000
0,2,1,1.403852,276249237,1,1000,80,323,41.000158,20,1.000000,9.000000,5000
0,3,1,2.208488,2144910000,2,1000,80,323,41.000158,20,1.000000,9.000000,5000
0,4,1,1.653378,1262869527,2,1000,80,323,41.000158,20,1.000000,9.000000,5000
0,5,1,2.360129,1359098746,2,1000,80,323,41.000158,20,1.000000,9.000000,5000
0,6,1,2.061644,470128201,2,1000,80,323,41.000158,20,1.000000,9.000000,5000
0,7,1,2.035764,1052349876,2,1000,80,323,41.000158,20,1.000000,9.000000,5000
0,8,1,2.227714,1990837675,2,1000,80,323,41.000158,20,1.000000,9.000000,5000
0,9,1,1.670274,754024414,1,1000,80,323,41.000158,20,1.000000,9.000000,5000
0,10,1,1.820113,504009405,2,1000,80,323,41.000158,20,1.000000,9.000000,5000
0,11,1,2.247219,290720888,2,1000,80,323,41.000158,20,1.000000,9.000000,5000
0,12,1,2.140569,25367039,2,1000,80,323,41.000158,20,1.000000,9.000000,5000
0,13,1,1.796463,539849218,1,1000,80,323,41.000158,20,1.000000,9.000000,5000
0,14,1,1.996132,506094577,2,1000,80,323,41.000158,20,1.000000,9.000000,5000
0,15,1,2.001757,1547543292,2,1000,80,323,41.000158,20,1.000000,9.000000,5000
0,16,1,2.370550,1861211411,2,1000,80,323,41.000158,20,1.000000,9.000000,5000
0,17,1,1.456291,1322839526,1,1000,80,323,41.000158,20,1.000000,9.000000,5000
0,18,1,2.028970,664927717,2,1000,80,323,41.000158,20,1.000000,9.000000,5000
0,19,1,2.544603,427793728,2,1000,80,323,41.000158,20,1.000000,9.000000,5000
0,20,1,1.661606,1772675815,1,1000,80,323,41.000158,20,1.000000,9.000000,5000
0,1,1,18.674113,1623837216,18,1000,81,325,5000.000140,20,1.000000,9.000000,5000
0,2,1,116.792204,154259271,117,1000,81,325,5000.000140,20,1.000000,9.000000,5000
0,3,1,909.527550,251064682,909,1000,81,325,5000.000140,20,1.000000,9.000000,5000
0,1,1,2.829572,418831375,2,1000,82,328,42.000189,20,1.000000,9.000000,5000
0,2,1,2.137992,2118757970,2,1000,82,328,42.000189,20,1.000000,9.000000,5000
0,3,1,1.619850,1705264001,2,1000,82,328,42.000189,20,1.000000,9.000000,5000
0,4,1,2.301368,1720564428,2,1000,82,328,42.000189,20,1.000000,9.000000,5000
0,5,1,2.291313,2050895395,2,1000,82,328,42.000189,20,1.000000,9.000000,5000
0,6,1,1.825256,1914918198,1,1000,82,328,42.000189,20,1.000000,9.000000,5000
0,7,1,2.185342,1450022005,1,1000,82,328,42.000189,20,1.000000,9.000000,5000
0,8,1,1.389626,675981328,1,1000,82,328,42.000189,20,1.000000,9.000000,5000
0,9,1,1.959743,2051398391,2,1000,82,328,42.000189,20,1.000000,9.000000,5000
0,10,1,2.718534,186350042,2,1000,82,328,42.000189,20,1.000000,9.000000,5000
0,11,1,1.757566,168948265,1,1000,82,328,42.000189,20,1.000000,9.000000,5000
0,12,1,2.141342,1354419476,1,1000,82,328,42.000189,20,1.000000,9.000000,5000
0,13,1,1.714341,736392843,1,1000,82,328,42.000189,20,1.000000,9.000000,5000
0,14,1,1.725157,1732214846,2,1000,82,328,42.000189,20,1.000000,9.000000,5000
0,15,1,2.563131,1475530909,2,1000,82,328,42.000189,20,1.000000,9.000000,5000
0,16,1,1.986447,91090392,2,1000,82,328,42.000189,20,1.000000,9.000000,5000
0,17,1,3.004775,1065571551,2,1000,82,328,42.000189,20,1.000000,9.000000,5000
0,18,1,1.512787,1479707746,1,1000,82,328,42.000189,20,1.000000,9.000000,5000
0,19,1,2.391732,183919569,2,1000,82,328,42.000189,20,1.000000,9.000000,5000
0,20,1,1.862230,1686343260,1,1000,82,328,42.000189,20,1.000000,9.000000,5000
0,1,1,10.295684,1989627720,9,1000,83,333,5000.000070,20,1.000000,9.000000,5000
0,2,1,44.623158,1813783055,44,1000,83,333,5000.000070,20,1.000000,9.000000,5000
0,3,1,342.162316,1265618002,342,1000,83,333,5000.000070,20,1.000000,9.000000,5000
0,4,1,2862.042648,30775681,2861,1000,83,333,5000.000070,20,1.000000,9.000000,5000
0,1,1,3.114485,2041258955,2,1000,84,340,41.000084,20,1.000000,9.000000,5000
0,2,1,1.635634,1386818174,1,1000,84,340,41.000084,20,1.000000,9.000000,5000
0,3,1,2.324724,1079610333,2,1000,84,340,41.000084,20,1.000000,9.000000,5000
0,4,1,1.869358,1101045272,1,1000,84,340,41.000084,20,1.000000,9.000000,5000
0,5,1,2.122161,1134226975,2,1000,84,340,41.000084,20,1.000000,9.000000,5000
0,6,1,2.011882,1946440354,1,1000,84,340,41.000084,20,1.000000,9.000000,5000
0,7,1,2.039724,1974938385,1,1000,84,340,41.000084,20,1.000000,9.000000,5000
0,8,1,1.938468,956299932,1,1000,84,340,41.000084,20,1.000000,9.000000,5000
0,9,1,2.080410,1729122099,1,1000,84,340,41.000084,20,1.000000,9.000000,5000
0,10,1,1.577993,282961030,1,1000,84,340,41.000084,20,1.000000,9.000000,5000
0,11,1,1.966564,735687429,2,1000,84,340,41.000084,20,1.000000,9.000000,5000
0,12,1,1.832180,1108171488,2,1000,84,340,41.000084,20,1.000000,9.000000,5000
0,13,1,2.575222,1208097543,2,1000,84,340,41.000084,20,1.000000,9.000000,5000
0,14,1,1.838033,2097923114,1,1000,84,340,41.000084,20,1.000000,9.000000,5000
0,15,1,2.001854,14211001,2,1000,84,340,41.000084,20,1.000000,9.000000,5000
0,16,1,2.034035,567263972,2,1000,84,340,41.000084,20,1.000000,9.000000,5000
0,17,1,1.700124,448128411,2,1000,84,340,41.000084,20,1.000000,9.000000,5000
0,18,1,2.103687,858199438,2,1000,84,340,41.000084,20,1.000000,9.000000,5000
0,19,1,1.939490,28118317,2,1000,84,340,41.000084,20,1.000000,9.000000,5000
0,20,1,2.293211,1479145128,2,1000,84,340,41.000084,20,1.000000,9.000000,5000
0,1,1,18.968103,207934576,18,1000,85,341,5000.000151,20,1.000000,9.000000,5000
0,2,1,143.774741,1325823191,144,1000,85,341,5000.000151,20,1.000000,9.000000,5000
0,3,1,1278.449207,132687674,1279,1000,85,341,5000.000151,20,1.000000,9.000000,5000
0,1,1,28.055775,522093845,27,1000,86,342,5000.000067,20,1.000000,9.000000,5000
0,2,1,215.995902,1264828208,215,1000,86,342,5000.000067,20,1.000000,9.000000,5000
0,3,1,1908.157736,1333248663,1907,1000,86,342,5000.000067,20,1.000000,9.000000,5000
0,1,1,2.727893,1464571652,2,1000,87,345,41.000116,20,1.000000,9.000000,5000
0,2,1,2.191724,1081843259,2,1000,87,345,41.000116,20,1.000000,9.000000,5000
0,3,1,2.341576,639964334,2,1000,87,345,41.000116,20,1.000000,9.000000,5000
0,4,1,1.769711,1558740173,1,1000,87,345,41.000116,20,1.000000,9.000000,5000
0,5,1,2.015804,1826023624,1,1000,87,345,41.000116,20,1.000000,9.000000,5000
0,6,1,1.869881,1243746703,1,1000,87,345,41.000116,20,1.000000,9.000000,5000
0,7,1,2.358956,225126866,2,1000,87,345,41.000116,20,1.000000,9.000000,5000
0,8,1,2.016077,1788927233,1,1000,87,345,41.000116,20,1.000000,9.000000,5000
0,9,1,1.635428,879012428,1,1000,87,345,41.000116,20,1.000000,9.000000,5000
0,10,1,1.720317,2112785315,2,1000,87,345,41.000116,20,1.000000,9.000000,5000
0,11,1,2.435195,613914806,2,1000,87,345,41.000116,20,1.000000,9.000000,5000
0,12,1,2.212065,289740277,1,1000,87,345,41.000116,20,1.000000,9.000000,5000
0,13,1,1.619875,1404641168,1,1000,87,345,41.000116,20,1.000000,9.000000,5000
0,14,1,2.093576,1176559735,2,1000,87,345,41.000116,20,1.000000,9.000000,5000
0,15,1,1.931646,2089682266,1,1000,87,345,41.000116,20,1.000000,9.000000,5000
0,16,1,2.270971,944626601,2,1000,87,345,41.000116,20,1.000000,9.000000,5000
0,17,1,2.058921,190860436,1,1000,87,345,41.000116,20,1.000000,9.000000,5000
0,18,1,1.852582,1672979467,1,1000,87,345,41.000116,20,1.000000,9.000000,5000
0,19,1,1.804605,1931727806,1,1000,87,345,41.000116,20,1.000000,9.000000,5000
0,20,1,1.920911,1392812573,2,1000,87,345,41.000116,20,1.000000,9.000000,5000
0,1,1,10.019268,1830362156,9,1000,89,353,5000.000196,20,1.000000,9.000000,5000
0,2,1,54.083878,593883395,53,1000,89,353,5000.000196,20,1.000000,9.000000,5000
0,3,1,458.809542,1654517654,458,1000,89,353,5000.000196,20,1.000000,9.000000,5000
0,4,1,4050.285079,1861555285,4050,1000,89,353,5000.000196,20,1.000000,9.000000,5000
0,1,1,9.860623,362828281,9,1000,90,362,5000.000192,20,1.000000,9.000000,5000
0,2,1,62.775450,44928548,63,1000,90,362,5000.000192,20,1.000000,9.000000,5000
0,3,1,549.203838,1722148315,549,1000,90,362,5000.000192,20,1.000000,9.000000,5000
0,1,1,2.795082,676987550,2,1000,91,363,41.000109,20,1.000000,9.000000,5000
0,2,1,1.800135,2131417213,2,1000,91,363,41.000109,20,1.000000,9.000000,5000
0,3,1,2.212974,775225656,2,1000,91,363,41.000109,20,1.000000,9.000000,5000
0,4,1,1.983430,629461439,2,1000,91,363,41.000109,20,1.000000,9.000000,5000
0,5,1,2.033212,451020994,2,1000,91,363,41.000109,20,1.000000,9.000000,5000
0,6,1,1.821599,1291029937,2,1000,91,363,41.000109,20,1.000000,9.000000,5000
0,7,1,2.136510,2086243260,2,1000,91,363,41.000109,20,1.000000,9.000000,5000
0,8,1,2.103869,61921491,2,1000,91,363,41.000109,20,1.000000,9.000000,5000
0,9,1,1.470940,395597990,2,1000,91,363,41.000109,20,1.000000,9.000000,5000
0,10,1,2.587981,110218149,2,1000,91,363,41.000109,20,1.000000,9.000000,5000
0,11,1,1.984161,1464023552,2,1000,91,363,41.000109,20,1.000000,9.000000,5000
0,12,1,1.913159,2067851943,2,1000,91,363,41.000109,20,1.000000,9.000000,5000
0,13,1,2.055815,2112198218,2,1000,91,363,41.000109,20,1.000000,9.000000,5000
0,14,1,1.921482,1725122137,2,1000,91,363,41.000109,20,1.000000,9.000000,5000
0,15,1,1.998748,971444228,2,1000,91,363,41.000109,20,1.000000,9.000000,5000
0,16,1,2.072515,585145147,2,1000,91,363,41.000109,20,1.000000,9.000000,5000
0,17,1,2.085819,1412179374,2,1000,91,363,41.000109,20,1.000000,9.000000,5000
0,18,1,1.896332,740717005,2,1000,91,363,41.000109,20,1.000000,9.000000,5000
0,19,1,2.290070,624284104,2,1000,91,363,41.000109,20,1.000000,9.000000,5000
0,20,1,1.678523,1082015375,1,1000,91,363,41.000109,20,1.000000,9.000000,5000
0,1,1,19.105868,1985255861,18,1000,92,374,5000.000088,20,1.000000,9.000000,5000
0,2,1,126.099198,1460472400,125,1000,92,374,5000.000088,20,1.000000,9.000000,5000
0,3,1,1088.573075,1096494647,1088,1000,92,374,5000.000088,20,1.000000,9.000000,5000
0,1,1,2.946097,151931482,2,1000,93,375,41.000154,20,1.000000,9.000000,5000
0,2,1,2.151694,1399477417,2,1000,93,375,41.000154,20,1.000000,9.000000,5000
0,3,1,1.970214,149571988,1,1000,93,375,41.000154,20,1.000000,9.000000,5000
0,4,1,1.730709,9942283,1,1000,93,375,41.000154,20,1.000000,9.000000,5000
0,5,1,1.990385,1681836222,2,1000,93,375,41.000154,20,1.000000,9.000000,5000
0,6,1,2.294338,1322552093,2,1000,93,375,41.000154,20,1.000000,9.000000,5000
0,7,1,1.878564,463675992,1,1000,93,375,41.000154,20,1.000000,9.000000,5000
0,8,1,2.154885,342240095,2,1000,93,375,41.000154,20,1.000000,9.000000,5000
0,9,1,1.951555,73321698,1,1000,93,375,41.000154,20,1.000000,9.000000,5000
0,10,1,1.710969,206829137,1,1000,93,375,41.000154,20,1.000000,9.000000,5000
0,11,1,2.281154,2030762716,2,1000,93,375,41.000154,20,1.000000,9.000000,5000
0,12,1,1.320458,1821603955,1,1000,93,375,41.000154,20,1.000000,9.000000,5000
0,13,1,2.649143,436419270,2,1000,93,375,41.000154,20,1.000000,9.000000,5000
0,14,1,1.865481,2090830405,1,1000,93,375,41.000154,20,1.000000,9.000000,5000
0,15,1,2.159672,1657607968,2,1000,93,375,41.000154,20,1.000000,9.000000,5000
0,16,1,1.538826,1061318727,1,1000,93,375,41.000154,20,1.000000,9.000000,5000
0,17,1,2.365963,794736234,2,1000,93,375,41.000154,20,1.000000,9.000000,5000
0,18,1,1.581317,119208697,2,1000,93,375,41.000154,20,1.000000,9.000000,5000
0,19,1,2.613705,468482852,2,1000,93,375,41.000154,20,1.000000,9.000000,5000
0,20,1,1.378965,874817243,1,1000,93,375,41.000154,20,1.000000,9.000000,5000
0,1,1,18.619275,1408568558,18,1000,94,379,5000.000119,20,1.000000,9.000000,5000
0,2,1,135.470908,1155497485,135,1000,94,379,5000.000119,20,1.000000,9.000000,5000
0,3,1,1187.992440,656848648,1187,1000,94,379,5000.000119,20,1.000000,9.000000,5000
0,1,1,2.793446,1722727827,2,1000,95,380,41.000185,20,1.000000,9.000000,5000
0,2,1,1.819486,1094502502,2,1000,95,380,41.000185,20,1.000000,9.000000,5000
0,3,1,2.153043,1857409637,2,1000,95,380,41.000185,20,1.000000,9.000000,5000
0,4,1,1.873508,467637184,2,1000,95,380,41.000185,20,1.000000,9.000000,5000
0,5,1,2.469954,226149223,2,1000,95,380,41.000185,20,1.000000,9.000000,5000
0,6,1,1.558127,619858442,1,1000,95,380,41.000185,20,1.000000,9.000000,5000
0,7,1,1.911254,861348121,2,1000,95,380,41.000185,20,1.000000,9.000000,5000
0,8,1,2.409077,1174867396,2,1000,95,380,41.000185,20,1.000000,9.000000,5000
0,9,1,1.753874,1370695675,2,1000,95,380,41.000185,20,1.000000,9.000000,5000
0,10,1,2.160149,2036653422,2,1000,95,380,41.000185,20,1.000000,9.000000,5000
0,11,1,2.189040,1908990093,2,1000,95,380,41.000185,20,1.000000,9.000000,5000
0,12,1,1.871261,1003172744,1,1000,95,380,41.000185,20,1.000000,9.000000,5000
0,13,1,2.231131,632962895,2,1000,95,380,41.000185,20,1.000000,9.000000,5000
0,14,1,1.886598,1169467026,1,1000,95,380,41.000185,20,1.000000,9.000000,5000
0,15,1,1.875624,1585595585,1,1000,95,380,41.000185,20,1.000000,9.000000,5000
0,16,1,1.579220,1438681356,2,1000,95,380,41.000185,20,1.000000,9.000000,5000
0,17,1,2.470005,537468259,2,1000,95,380,41.000185,20,1.000000,9.000000,5000
0,18,1,1.839966,933988726,1,1000,95,380,41.000185,20,1.000000,9.000000,5000
0,19,1,1.581883,224608693,2,1000,95,380,41.000185,20,1.000000,9.000000,5000
0,20,1,2.560717,788484688,2,1000,95,380,41.000185,20,1.000000,9.000000,5000
0,1,1,2.735452,1146040524,2,1000,96,385,41.000067,20,1.000000,9.000000,5000
0,2,1,2.116876,789527587,2,1000,96,385,41.000067,20,1.000000,9.000000,5000
0,3,1,2.055012,1417763638,2,1000,96,385,41.000067,20,1.000000,9.000000,5000
0,4,1,2.082446,925332085,2,1000,96,385,41.000067,20,1.000000,9.000000,5000
0,5,1,1.441283,917945872,2,1000,96,385,41.000067,20,1.000000,9.000000,5000
0,6,1,2.471111,2064648439,2,1000,96,385,41.000067,20,1.000000,9.000000,5000
0,7,1,2.056564,1259020250,2,1000,96,385,41.000067,20,1.000000,9.000000,5000
0,8,1,2.019755,2007494697,2,1000,96,385,41.000067,20,1.000000,9.000000,5000
0,9,1,2.122039,520586004,2,1000,96,385,41.000067,20,1.000000,9.000000,5000
0,10,1,1.552385,1718994059,1,1000,96,385,41.000067,20,1.000000,9.000000,5000
0,11,1,1.990332,1787217470,2,1000,96,385,41.000067,20,1.000000,9.000000,5000
0,12,1,1.917835,184741533,2,1000,96,385,41.000067,20,1.000000,9.000000,5000
0,13,1,2.321187,829506520,2,1000,96,385,41.000067,20,1.000000,9.000000,5000
0,14,1,1.822901,248103647,2,1000,96,385,41.000067,20,1.000000,9.000000,5000
0,15,1,2.250842,1513583202,2,1000,96,385,41.000067,20,1.000000,9.000000,5000
0,16,1,1.468537,1816043985,2,1000,96,385,41.000067,20,1.000000,9.000000,5000
0,17,1,2.139512,280200284,2,1000,96,385,41.000067,20,1.000000,9.000000,5000
0,18,1,2.368829,1748768755,2,1000,96,385,41.000067,20,1.000000,9.000000,5000
0,19,1,1.866773,2128218182,2,1000,96,385,41.000067,20,1.000000,9.000000,5000
0,20,1,1.387598,702152133,2,1000,96,385,41.000067,20,1.000000,9.000000,5000
0,1,1,27.909583,1460199793,27,1000,97,386,5000.000133,20,1.000000,9.000000,5000
0,2,1,216.147530,728532604,216,1000,97,386,5000.000133,20,1.000000,9.000000,5000
0,3,1,1916.912422,470840979,1916,1000,97,386,5000.000133,20,1.000000,9.000000,5000
0,1,1,19.240846,1774359062,18,1000,98,387,5000.000199,20,1.000000,9.000000,5000
0,2,1,143.875562,667537621,143,1000,98,387,5000.000199,20,1.000000,9.000000,5000
0,3,1,1251.053501,1671401968,1250,1000,98,387,5000.000199,20,1.000000,9.000000,5000
0,1,1,2.815278,1197671759,2,1000,99,392,41.000081,20,1.000000,9.000000,5000
0,2,1,2.360062,362562706,2,1000,99,392,41.000081,20,1.000000,9.000000,5000
0,3,1,1.797914,1231755969,1,1000,99,392,41.000081,20,1.000000,9.000000,5000
0,4,1,1.950556,1995601676,2,1000,99,392,41.000081,20,1.000000,9.000000,5000
0,5,1,1.698488,1456964451,2,1000,99,392,41.000081,20,1.000000,9.000000,5000
0,6,1,1.922037,651380598,2,1000,99,392,41.000081,20,1.000000,9.000000,5000
0,7,1,2.493597,1386264501,2,1000,99,392,41.000081,20,1.000000,9.000000,5000
0,8,1,2.080038,1455186000,1,1000,99,392,41.000081,20,1.000000,9.000000,5000
0,9,1,1.878294,1048419383,1,1000,99,392,41.000081,20,1.000000,9.000000,5000
0,10,1,1.977220,2133264410,2,1000,99,392,41.000081,20,1.000000,9.000000,5000
0,11,1,1.640278,328245609,2,1000,99,392,41.000081,20,1.000000,9.000000,5000
0,12,1,2.182983,756924756,2,1000,99,392,41.000081,20,1.000000,9.000000,5000
0,13,1,2.119971,1104667595,2,1000,99,392,41.000081,20,1.000000,9.000000,5000
0,14,1,2.015313,1535175294,2,1000,99,392,41.000081,20,1.000000,9.000000,5000
0,15,1,1.531546,124275677,2,1000,99,392,41.000081,20,1.000000,9.000000,5000
0,16,1,2.346167,1914854936,2,1000,99,392,41.000081,20,1.000000,9.000000,5000
0,17,1,1.802509,2067508767,2,1000,99,392,41.000081,20,1.000000,9.000000,5000
0,18,1,1.894959,312480418,2,1000,99,392,41.000081,20,1.000000,9.000000,5000
0,19,1,1.949895,68807441,2,1000,99,392,41.000081,20,1.000000,9.000000,5000
0,20,1,1.926630,581286556,2,1000,99,392,41.000081,20,1.000000,9.000000,5000
0,1,1,3.167661,620984456,2,1000,100,397,41.000112,20,1.000000,9.000000,5000
0,2,1,1.891947,57587791,1,1000,100,397,41.000112,20,1.000000,9.000000,5000
0,3,1,1.846794,792109970,1,1000,100,397,41.000112,20,1.000000,9.000000,5000
0,4,1,1.844116,305812929,2,1000,100,397,41.000112,20,1.000000,9.000000,5000
0,5,1,2.017557,1277452,2,1000,100,397,41.000112,20,1.000000,9.000000,5000
0,6,1,1.910213,2096170595,2,1000,100,397,41.000112,20,1.000000,9.000000,5000
0,7,1,2.410532,1783936630,2,1000,100,397,41.000112,20,1.000000,9.000000,5000
0,8,1,1.916715,140329653,1,1000,100,397,41.000112,20,1.000000,9.000000,5000
0,9,1,1.852408,198309712,1,1000,100,397,41.000112,20,1.000000,9.000000,5000
0,10,1,2.056971,1815605047,2,1000,100,397,41.000112,20,1.000000,9.000000,5000
0,11,1,1.832257,206472986,2,1000,100,397,41.000112,20,1.000000,9.000000,5000
0,12,1,2.137830,2085977193,2,1000,100,397,41.000112,20,1.000000,9.000000,5000
0,13,1,2.028266,1301211220,2,1000,100,397,41.000112,20,1.000000,9.000000,5000
0,14,1,2.178629,613811915,2,1000,100,397,41.000112,20,1.000000,9.000000,5000
0,15,1,1.350179,52263294,1,1000,100,397,41.000112,20,1.000000,9.000000,5000
0,16,1,2.589931,144733917,2,1000,100,397,41.000112,20,1.000000,9.000000,5000
0,17,1,1.783596,1810240792,1,1000,100,397,41.000112,20,1.000000,9.000000,5000
0,18,1,2.158773,1127260447,2,1000,100,397,41.000112,20,1.000000,9.000000,5000
0,19,1,1.578987,1972416930,2,1000,100,397,41.000112,20,1.000000,9.000000,5000
0,20,1,2.250478,494954001,2,1000,100,397,41.000112,20,1.000000,9.000000,5000
